Id;Text;Size
1;you;287
2;my;269
3;i;268
4;ham;143
5;his;134
6;lord;124
7;so;112
8;your;112
9;me;102
10;he;99
11;have;93
12;what;93
13;we;78
14;him;74
15;our;71
16;pol;71
17;do;70
18;all;66
19;hor;63
20;king;57
21;most;54
22;may;53
23;good;51
24;shall;49
25;o;48
26;more;48
27;from;46
28;well;45
29;like;44
30;hamlet;41
31;thy;41
32;thou;40
33;tis;38
34;speak;36
35;than;35
36;did;34
37;time;34
38;now;33
39;which;33
40;come;33
41;mar;32
42;th;32
43;us;32
44;know;32
45;hath;31
46;let;31
47;give;31
48;go;31
49;thee;31
50;would;30
51;night;30
52;them;30
53;ghost;30
54;queen;30
55;father;30
56;am;29
57;out;29
58;heaven;29
59;say;29
60;think;28
61;very;28
62;oph;28
63;ros;28
64;upon;27
65;thus;27
66;her;27
67;how;27
68;why;26
69;etext;26
70;enter;25
71;project;25
72;love;25
73;any;25
74;should;25
75;man;24
76;make;24
77;when;24
78;one;24
79;much;24
80;i'll;24
81;too;23
82;nor;23
83;must;23
84;gutenberg;22
85;who;22
86;had;22
87;take;22
88;some;22
89;here;21
90;both;21
91;polonius;20
92;denmark;20
93;horatio;20
94;god;20
95;see;20
96;ber;20
97;ay;19
98;down;18
99;made;18
100;long;18
101;look;18
102;hear;18
103;again;17
104;indeed;17
105;other;17
106;where;17
107;ophelia;17
108;world;17
109;were;16
110;though;16
111;play;16
112;up;16
113;welcome;16
114;hold;16
115;exeunt;16
116;dear;16
117;sir;16
118;can;16
119;tell;15
120;use;15
121;might;15
122;head;15
123;seen;15
124;true;15
125;those;15
126;1;14
127;day;14
128;whose;14
129;leave;14
130;old;14
131;yet;14
132;before;14
133;comes;14
134;guil;14
135;copies;14
136;daughter;14
137;eyes;14
138;she;14
139;elsinore;13
140;does;13
141;away;13
142;players;13
143;farewell;13
144;copyright;13
145;form;13
146;shakespeare;13
147;library;13
148;complete;13
149;life;13
150;even;13
151;heart;13
152;friends;13
153;soul;13
154;rey;13
155;exit;13
156;electronic;13
157;guildenstern;13
158;state;12
159;watch;12
160;about;12
161;still;12
162;own;12
163;sword;12
164;marcellus;12
165;within;12
166;could;12
167;death;12
168;poor;12
169;distributed;12
170;nature;12
171;earth;12
172;better;11
173;part;11
174;doth;11
175;fear;11
176;believe;11
177;nay;11
178;against;11
179;honest;11
180;never;11
181;youth;11
182;been;11
183;rosencrantz;11
184;itself;11
185;first;11
186;art;11
187;son;11
188;scene;11
189;once;11
190;norway;10
191;matter;10
192;each;10
193;two;10
194;thing;10
195;mine;10
196;mind;10
197;mad;10
198;swear;10
199;william;10
200;noble;10
201;marry;10
202;together;10
203;something;10
204;cannot;10
205;pyrrhus;10
206;father's;10
207;reason;10
208;show;10
209;duty;10
210;saw;10
211;works;10
212;gentlemen;10
213;said;10
214;2;9
215;blood;9
216;spirit;9
217;speech;9
218;doubt;9
219;means;9
220;particular;9
221;being;9
222;bernardo;9
223;ear;9
224;off;9
225;oft;9
226;follow;9
227;laertes;9
228;young;9
229;we'll;9
230;service;9
231;ever;9
232;given;9
233;fair;9
234;uncle;9
235;air;9
236;yourself;9
237;madam;9
238;set;9
239;little;9
240;friend;9
241;readable;9
242;others;8
243;aside;8
244;question;8
245;pray;8
246;further;8
247;right;8
248;remember;8
249;version;8
250;eye;8
251;news;8
252;way;8
253;used;8
254;else;8
255;fortinbras;8
256;sent;8
257;is't;8
258;laer;8
259;cause;8
260;walk;8
261;receive;8
262;last;8
263;machine;8
264;find;8
265;fran;8
266;best;8
267;hour;8
268;heard;8
269;inc;8
270;charges;8
271;act;8
272;nothing;8
273;phrase;8
274;dead;8
275;words;8
276;villain;8
277;hand;7
278;provided;7
279;university;7
280;mellon;7
281;etexts;7
282;myself;7
283;common;7
284;mark;7
285;lost;7
286;tongue;7
287;haste;7
288;voice;7
289;sweet;7
290;end;7
291;himself;7
292;faith;7
293;foul;7
294;while;7
295;distribution;7
296;power;7
297;strange;7
298;live;7
299;late;7
300;put;7
301;small;7
302;bear;7
303;murther;7
304;print;7
305;since;7
306;fire;7
307;please;7
308;madness;7
309;carnegie;7
310;call;7
311;mother;7
312;rest;7
313;personal;7
314;thanks;7
315;makes;7
316;courtier;7
317;only;7
318;same;6
319;after;6
320;gone;6
321;prohibited;6
322;including;6
323;wherein;6
324;fashion;6
325;memory;6
326;pale;6
327;1990;6
328;1993;6
329;business;6
330;month;6
331;permission;6
332;stand;6
333;includes;6
334;men;6
335;fell;6
336;many;6
337;stay;6
338;money;6
339;work;6
340;word;6
341;reynaldo;6
342;hands;6
343;sleep;6
344;thoughts;6
345;keep;6
346;visit;6
347;dream;6
348;voltemand;6
349;seem;6
350;commercial;6
351;that's;6
352;none;6
353;get;6
354;list;6
355;million;6
356;arms;6
357;things;6
358;has;6
359;o'er;6
360;adieu;6
361;free;6
362;honour;6
363;face;6
364;membership;6
365;excellent;6
366;commercially;6
367;read;6
368;grace;6
369;takes;6
370;castle;6
371;truly;6
372;beauty;6
373;download;6
374;goes;6
375;b;5
376;information;5
377;room;5
378;cornelius;5
379;hast;5
380;honesty;5
381;loves;5
382;less;5
383;thine;5
384;house;5
385;season;5
386;majesty;5
387;done;5
388;under;5
389;hither;5
390;ourselves;5
391;near;5
392;need;5
393;often;5
394;ere;5
395;let's;5
396;far;5
397;effect;5
398;alone;5
399;bring;5
400;sure;5
401;charge;5
402;tears;5
403;ho;5
404;flourish;5
405;disposition;5
406;cock;5
407;hell;5
408;purpose;5
409;without;5
410;prison;5
411;obey;5
412;gives;5
413;till;5
414;nunnery;5
415;guilty;5
416;light;5
417;desire;5
418;general;5
419;answer;5
420;damages;5
421;therefore;5
422;truth;5
423;defect;5
424;body;5
425;came;5
426;unto;5
427;cast;5
428;there's;5
429;sun;5
430;gentleman;5
431;between;5
432;t;4
433;hard;4
434;went;4
435;top;4
436;twere;4
437;thousand;4
438;law;4
439;says;4
440;entertainment;4
441;dread;4
442;gracious;4
443;gainst;4
444;aught;4
445;revenge;4
446;ears;4
447;domain;4
448;ambassadors;4
449;legal;4
450;prince;4
451;custom;4
452;known;4
453;subject;4
454;above;4
455;star;4
456;beard;4
457;he's;4
458;whole;4
459;lose;4
460;toward;4
461;seems;4
462;platform;4
463;command;4
464;hamlet's;4
465;wouldst;4
466;told;4
467;shape;4
468;forth;4
469;dreams;4
470;wittenberg;4
471;great;4
472;looks;4
473;wit;4
474;fie;4
475;grow;4
476;brother;4
477;freely;4
478;woe;4
479;perchance;4
480;brief;4
481;closes;4
482;ye;4
483;brain;4
484;help;4
485;note;4
486;sister;4
487;wind;4
488;days;4
489;lack;4
490;treasure;4
491;pastoral;4
492;lady;4
493;hundred;4
494;almost;4
495;whether;4
496;beneath;4
497;gertrude;4
498;withal;4
499;yes;4
500;colour;4
501;vows;4
502;mean;4
503;neither;4
504;court;4
505;tale;4
506;honour'd;4
507;action;4
508;file;4
509;herein;4
510;except;4
511;beseech;4
512;every;4
513;donations;4
514;priam;4
515;on't;4
516;public;4
517;fortune;4
518;fare;4
519;grief;4
520;gifts;4
521;blessing;4
522;future;4
523;expense;4
524;through;4
525;longer;4
526;name;4
527;book;4
528;kind;4
529;enough;4
530;sea;4
531;sit;4
532;in's;4
533;in't;4
534;break;4
535;falls;4
536;hecuba;4
537;stood;4
538;horrible;4
539;morning;4
540;passion;4
541;virtue;4
542;figure;4
543;sight;4
544;natural;4
545;place;4
546;plain;4
547;person;4
548;marriage;4
549;limited;4
550;fault;4
551;fortune's;3
552;infinite;3
553;characters;3
554;quiet;3
555;thank;3
556;hart;3
557;motive;3
558;to't;3
559;struck;3
560;woman;3
561;look'd;3
562;ambitious;3
563;lay;3
564;try;3
565;pity;3
566;distribute;3
567;assume;3
568;full;3
569;stars;3
570;tenders;3
571;pobox.com;3
572;god's;3
573;keeps;3
574;dost;3
575;dew;3
576;die;3
577;appear'd;3
578;occasion;3
579;delights;3
580;goodly;3
581;main;3
582;twas;3
583;wicked;3
584;mercy;3
585;sorrow;3
586;received;3
587;quality;3
588;appear;3
589;impart;3
590;holds;3
591;beast;3
592;heartily;3
593;understanding;3
594;historical;3
595;gather;3
596;sleeping;3
597;rich;3
598;francisco;3
599;shake;3
600;took;3
601;below;3
602;forms;3
603;shoulder;3
604;waves;3
605;another;3
606;black;3
607;statement;3
608;wrong;3
609;certain;3
610;fee;3
611;few;3
612;otherwise;3
613;damned;3
614;unfold;3
615;rank;3
616;addition;3
617;peace;3
618;fool;3
619;piece;3
620;burst;3
621;thence;3
622;ha;3
623;ii;3
624;delight;3
625;draw;3
626;second;3
627;author;3
628;follows;3
629;lands;3
630;wholesome;3
631;twelve;3
632;seek;3
633;tm;3
634;smiling;3
635;lies;3
636;dane;3
637;teach;3
638;reading;3
639;course;3
640;copy;3
641;sound;3
642;proud;3
643;ground;3
644;wild;3
645;humbly;3
646;wish;3
647;ambition;3
648;circumstance;3
649;per;3
650;birth;3
651;instant;3
652;native;3
653;consequence;3
654;writ;3
655;suits;3
656;liberty;3
657;drift;3
658;giving;3
659;found;3
660;tragedy;3
661;anything;3
662;heavens;3
663;shadow;3
664;happy;3
665;awhile;3
666;ways;3
667;touching;3
668;visage;3
669;jephthah;3
670;twice;3
671;glad;3
672;stay'd;3
673;attendants;3
674;soft;3
675;honourable;3
676;rouse;3
677;meet;3
678;sometimes;3
679;pious;3
680;heavy;3
681;health;3
682;return;3
683;conscience;3
684;sort;3
685;coming;3
686;funeral;3
687;safety;3
688;refund;3
689;ill;3
690;replacement;3
691;advice;3
692;winds;3
693;wherefore;3
694;fast;3
695;prithee;3
696;post;3
697;consent;3
698;soldiers;3
699;choose;3
700;sorry;3
701;already;3
702;dumb;3
703;brother's;3
704;thought;3
705;gentle;3
706;warranties;3
707;devil;3
708;arm;3
709;officer;3
710;either;3
711;flesh;3
712;mobled;3
713;vile;3
714;morn;3
715;1787;3
716;affection;3
717;joy;3
718;move;3
719;bad;3
720;offer;3
721;bed;3
722;beckons;3
723;france;3
724;bid;3
725;married;3
726;discretion;3
727;what's;3
728;lords;3
729;conditions;3
730;express;3
731;nights;3
732;passing;3
733;children;3
734;dreadful;3
735;gods;3
736;sits;3
737;files;3
738;player;3
739;reads;3
740;fifty;2
741;electronically;2
742;ten;2
743;3;2
744;hang;2
745;vengeance;2
746;c;2
747;readers;2
748;v;2
749;faithful;2
750;laugh;2
751;tush;2
752;rome;2
753;making;2
754;fantasy;2
755;disclaimers;2
756;lend;2
757;hercules;2
758;loved;2
759;conceit;2
760;majestical;2
761;cmu;2
762;hypertext;2
763;nephew's;2
764;gaming;2
765;produce;2
766;walks;2
767;lets;2
768;celestial;2
769;defective;2
770;west;2
771;quite;2
772;obligation;2
773;censure;2
774;pith;2
775;dollars;2
776;moment;2
777;desires;2
778;txt;2
779;polack;2
780;mistress;2
781;source;2
782;blows;2
783;merit;2
784;whereof;2
785;sable;2
786;anon;2
787;hours;2
788;paid;2
789;dishonour;2
790;short;2
791;mind's;2
792;wretch;2
793;provide;2
794;enterprise;2
795;computer;2
796;merely;2
797;fellow;2
798;quick;2
799;flames;2
800;shows;2
801;shown;2
802;affair;2
803;pause;2
804;ease;2
805;tend;2
806;confession;2
807;demands;2
808;corse;2
809;dearest;2
810;us'd;2
811;apparition;2
812;going;2
813;pass;2
814;virtues;2
815;damn'd;2
816;term;2
817;stage;2
818;desert;2
819;habit;2
820;bird;2
821;lunacy;2
822;hideous;2
823;feast;2
824;truant;2
825;rather;2
826;ecstasy;2
827;length;2
828;baby;2
829;text;2
830;fools;2
831;letters;2
832;forward;2
833;ourself;2
834;ebook;2
835;warlike;2
836;fees;2
837;mail;2
838;lungs;2
839;cries;2
840;messengers;2
841;breath;2
842;danger;2
843;brow;2
844;middle;2
845;for't;2
846;open;2
847;wont;2
848;internet;2
849;allow;2
850;bitter;2
851;speed;2
852;admit;2
853;themselves;2
854;chaste;2
855;base;2
856;secret;2
857;sting;2
858;sends;2
859;soldier;2
860;stir;2
861;prepared;2
862;clouds;2
863;grave;2
864;assistant;2
865;year;2
866;desperate;2
867;music;2
868;silence;2
869;orchard;2
870;aboard;2
871;beware;2
872;least;2
873;eager;2
874;serpent;2
875;e'en;2
876;lines;2
877;vow;2
878;brave;2
879;judge;2
880;rights;2
881;new;2
882;shalt;2
883;slow;2
884;alternatively;2
885;countenance;2
886;presently;2
887;remains;2
888;sovereign;2
889;seeming;2
890;servants;2
891;ignorance;2
892;trumpet;2
893;perfume;2
894;ascii;2
895;green;2
896;complexion;2
897;catch;2
898;double;2
899;ladies;2
900;liege;2
901;direct;2
902;comical;2
903;king's;2
904;borne;2
905;nearer;2
906;indifferent;2
907;solemn;2
908;bak'd;2
909;along;2
910;breach;2
911;extent;2
912;fit;2
913;ah;2
914;former;2
915;prove;2
916;foot;2
917;breathe;2
918;actor;2
919;fly;2
920;thunder;2
921;observe;2
922;armour;2
923;com'st;2
924;needs;2
925;frame;2
926;limbs;2
927;perhaps;2
928;kept;2
929;four;2
930;burns;2
931;il;2
932;gave;2
933;sending;2
934;remembrance;2
935;knew;2
936;lo;2
937;prodigal;2
938;edge;2
939;receiv'd;2
940;license;2
941;heraldry;2
942;cousin;2
943;whilst;2
944;seal'd;2
945;heed;2
946;country;2
947;joint;2
948;entreaty;2
949;valiant;2
950;region;2
951;cold;2
952;pure;2
953;willingly;2
954;wi;2
955;wide;2
956;software;2
957;held;2
958;beyond;2
959;terms;2
960;proof;2
961;presence;2
962;method;2
963;force;2
964;north;2
965;confess;2
966;dare;2
967;contrive;2
968;puts;2
969;self;2
970;date;2
971;creatures;2
972;cost;2
973;2782;2
974;wilt;2
975;assay;2
976;dignity;2
977;tragical;2
978;audience;2
979;masters;2
980;faculties;2
981;yours;2
982;claudius;2
983;medium;2
984;methinks;2
985;wisdom;2
986;secrecy;2
987;twill;2
988;61825;2
989;loving;2
990;bulk;2
991;violence;2
992;mirth;2
993;call'd;2
994;judgment;2
995;liability;2
996;pleasures;2
997;vulgar;2
998;intended;2
999;land;2
1000;working;2
1001;chief;2
1002;followed;2
1003;meeting;2
1004;volt;2
1005;trillion;2
1006;implied;2
1007;secure;2
1008;waxes;2
1009;crimes;2
1010;yea;2
1011;wonted;2
1012;buzz;2
1013;offence;2
1014;grows;2
1015;philosophy;2
1016;methods;2
1017;grown;2
1018;choice;2
1019;hid;2
1020;gross;2
1021;request;2
1022;majesties;2
1023;point;2
1024;encounter;2
1025;sometime;2
1026;strict;2
1027;entreat;2
1028;soil;2
1029;hot;2
1030;march;2
1031;reply;2
1032;2001;2
1033;additional;2
1034;seem'd;2
1035;home;2
1036;hope;2
1037;tables;2
1038;bend;2
1039;painted;2
1040;beggars;2
1041;deliver;2
1042;strike;2
1043;smile;2
1044;fine;2
1045;horridly;2
1046;lordship;2
1047;hears;2
1048;present;2
1049;troubles;2
1050;falling;2
1051;thyself;2
1052;doomsday;2
1053;unless;2
1054;thrift;2
1055;unnatural;2
1056;weary;2
1057;cannon;2
1058;reputation;2
1059;ice;2
1060;visitation;2
1061;melancholy;2
1062;presentation;2
1063;thrice;2
1064;fits;2
1065;turn'd;2
1066;commend;2
1067;fain;2
1068;imagination;2
1069;doors;2
1070;steel;2
1071;iii;2
1072;fall;2
1073;clearly;2
1074;beautified;2
1075;you'll;2
1076;bosom;2
1077;according;2
1078;bestow;2
1079;paper;2
1080;prov'd;2
1081;round;2
1082;fate;2
1083;throat;2
1084;strumpet;2
1085;morrow;2
1086;swift;2
1087;prevent;2
1088;scope;2
1089;age;2
1090;number;2
1091;obedience;2
1092;property;2
1093;happily;2
1094;fathers;2
1095;city;2
1096;crew;2
1097;tender;2
1098;royal;2
1099;mock;2
1100;favour;2
1101;weakness;2
1102;dull;2
1103;spirits;2
1104;man's;2
1105;fix'd;2
1106;cried;2
1107;suppress;2
1108;armed;2
1109;ass;2
1110;piteous;2
1111;dust;2
1112;mole;2
1113;edition;2
1114;malicious;2
1115;incestuous;2
1116;substance;2
1117;discourse;2
1118;jig;2
1119;moon;2
1120;champaign;2
1121;born;2
1122;rogue;2
1123;profit;2
1124;arrant;2
1125;return'd;2
1126;servant;2
1127;inward;2
1128;contain;2
1129;fishmonger;2
1130;party;2
1131;deep;2
1132;deed;2
1133;sin;2
1134;over;2
1135;bound;2
1136;sick;2
1137;slaughter;2
1138;warranty;2
1139;crown;2
1140;thinking;2
1141;table;2
1142;report;2
1143;sigh;2
1144;cursed;2
1145;levies;2
1146;angel;2
1147;high;2
1148;lust;2
1149;box;2
1150;boy;2
1151;100;2
1152;arm'd;2
1153;cunning;2
1154;encouraged;2
1155;scandal;2
1156;actors;2
1157;access;2
1158;hill;2
1159;throne;2
1160;mortal;2
1161;streets;2
1162;sirs;2
1163;if't;2
1164;weak;2
1165;seeing;2
1166;rugged;2
1167;lead;2
1168;canst;2
1169;officers;2
1170;chances;2
1171;week;2
1172;cap;2
1173;distracted;2
1174;don't;1
1175;spoke;1
1176;idol;1
1177;lion's;1
1178;tel;1
1179;warrant;1
1180;devoutly;1
1181;know't;1
1182;blasts;1
1183;solid;1
1184;meats;1
1185;tyrannous;1
1186;competent;1
1187;yourselves;1
1188;hearer;1
1189;southerly;1
1190;4;1
1191;left;1
1192;eleven;1
1193;tickle;1
1194;object;1
1195;cliff;1
1196;turn;1
1197;gold;1
1198;opposition;1
1199;law's;1
1200;encount'red;1
1201;stirring;1
1202;commission;1
1203;policy;1
1204;salt;1
1205;address;1
1206;hams;1
1207;p;1
1208;straight;1
1209;unimproved;1
1210;halt;1
1211;sale;1
1212;throw;1
1213;x;1
1214;brevity;1
1215;inurn'd;1
1216;violent;1
1217;resolve;1
1218;grizzled;1
1219;tax'd;1
1220;serious;1
1221;check;1
1222;son's;1
1223;soles;1
1224;scholars;1
1225;hark;1
1226;beshrew;1
1227;soul's;1
1228;link'd;1
1229;nowhere;1
1230;anticipation;1
1231;patrick;1
1232;puff'd;1
1233;roof;1
1234;cheek;1
1235;requite;1
1236;cheer;1
1237;appeareth;1
1238;pleas'd;1
1239;gravediggers;1
1240;observance;1
1241;immortal;1
1242;sate;1
1243;liegemen;1
1244;fierce;1
1245;hate;1
1246;cooperation;1
1247;order;1
1248;carrion;1
1249;distant;1
1250;gore;1
1251;propose;1
1252;sledded;1
1253;frown'd;1
1254;72600.2026;1
1255;save;1
1256;rots;1
1257;toe;1
1258;frankly;1
1259;toy;1
1260;succession;1
1261;implications;1
1262;lover;1
1263;picture;1
1264;firmament;1
1265;gibber;1
1266;regard;1
1267;scullion;1
1268;witch;1
1269;rose;1
1270;cor;1
1271;arrows;1
1272;graces;1
1273;holla;1
1274;function;1
1275;saws;1
1276;sentinels;1
1277;pigeon;1
1278;circumstances;1
1279;condolement;1
1280;conveniently;1
1281;hatch;1
1282;lest;1
1283;pardon;1
1284;pernicious;1
1285;tri;1
1286;rheum;1
1287;ceremony;1
1288;sworn't;1
1289;hawk;1
1290;fatted;1
1291;obeys;1
1292;exterior;1
1293;times;1
1294;212;1
1295;generous;1
1296;jelly;1
1297;possibility;1
1298;whence;1
1299;affrighted;1
1300;cry;1
1301;crescent;1
1302;merchantability;1
1303;spoken;1
1304;grapple;1
1305;spokes;1
1306;sport;1
1307;caught;1
1308;prey;1
1309;clamour;1
1310;supply;1
1311;dilated;1
1312;murther'd;1
1313;pace;1
1314;exclaim;1
1315;cue;1
1316;cum;1
1317;cut;1
1318;gutenberg's;1
1319;254;1
1320;mettle;1
1321;appurtenance;1
1322;ankle;1
1323;liver'd;1
1324;inclination;1
1325;vanish'd;1
1326;clad;1
1327;soe'er;1
1328;moods;1
1329;unmanly;1
1330;lia;1
1331;tedious;1
1332;lie;1
1333;apparel;1
1334;fellows;1
1335;bias;1
1336;plast'ring;1
1337;unmix'd;1
1338;glass;1
1339;judgments;1
1340;tetter;1
1341;hunts;1
1342;frailty;1
1343;mockery;1
1344;page;1
1345;cerements;1
1346;kramer;1
1347;stubbornness;1
1348;embark'd;1
1349;witchcraft;1
1350;opposing;1
1351;start;1
1352;titles;1
1353;equal;1
1354;wrung;1
1355;canker;1
1356;marvel;1
1357;thereabout;1
1358;fencing;1
1359;blastments;1
1360;palm;1
1361;punitive;1
1362;unholy;1
1363;trains;1
1364;three;1
1365;1971;1
1366;golden;1
1367;open'd;1
1368;entreated;1
1369;whereon;1
1370;unknown;1
1371;lot;1
1372;advisor;1
1373;planets;1
1374;low;1
1375;angels;1
1376;assure;1
1377;manners;1
1378;1999;1
1379;meant;1
1380;disclos'd;1
1381;rusty;1
1382;o'ermaster't;1
1383;centre;1
1384;dole;1
1385;blown;1
1386;prof;1
1387;niggard;1
1388;persever;1
1389;eternal;1
1390;fetch;1
1391;clip;1
1392;commanded;1
1393;compact;1
1394;gules;1
1395;daughters;1
1396;denote;1
1397;celebrated;1
1398;trumpets;1
1399;marvell's;1
1400;drinking;1
1401;harrow;1
1402;minutes;1
1403;berattle;1
1404;proclaims;1
1405;tent;1
1406;jealousy;1
1407;radiant;1
1408;east;1
1409;declining;1
1410;sixteen;1
1411;pin's;1
1412;cyclops;1
1413;relief;1
1414;www.gutenberg.org;1
1415;thither;1
1416;carbuncles;1
1417;cursing;1
1418;heavily;1
1419;fellowship;1
1420;chamberlain;1
1421;third;1
1422;fitting;1
1423;contracted;1
1424;underline;1
1425;smiles;1
1426;fiery;1
1427;ambiguous;1
1428;path;1
1429;crack;1
1430;finds;1
1431;pate;1
1432;adulterate;1
1433;carefully;1
1434;past;1
1435;mourning;1
1436;milk;1
1437;indirections;1
1438;relative;1
1439;dout;1
1440;bodies;1
1441;investments;1
1442;espials;1
1443;adoption;1
1444;unlike;1
1445;possible;1
1446;shoes;1
1447;obsequious;1
1448;retrograde;1
1449;assur'd;1
1450;o'erleavens;1
1451;upping;1
1452;wretched;1
1453;perform'd;1
1454;suiting;1
1455;puzzles;1
1456;bray;1
1457;shadow's;1
1458;project's;1
1459;dispatch'd;1
1460;parching;1
1461;gratefully;1
1462;inoculate;1
1463;loan;1
1464;back;1
1465;worthy;1
1466;title;1
1467;whore;1
1468;states;1
1469;awry;1
1470;pales;1
1471;sheets;1
1472;load;1
1473;company;1
1474;priest;1
1475;blossoms;1
1476;shakespeare's;1
1477;blanket;1
1478;grant;1
1479;articles;1
1480;thick;1
1481;relish;1
1482;stale;1
1483;stalk;1
1484;whereat;1
1485;express'd;1
1486;lock;1
1487;dearly;1
1488;sense;1
1489;quintessence;1
1490;plucks;1
1491;virtuous;1
1492;dog;1
1493;nobility;1
1494;stamp;1
1495;bands;1
1496;leisure;1
1497;outstretch'd;1
1498;knows;1
1499;twenty;1
1500;inky;1
1501;canoniz'd;1
1502;lacks;1
1503;parley;1
1504;dulls;1
1505;scopes;1
1506;unseen;1
1507;incest;1
1508;feet;1
1509;bait;1
1510;feel;1
1511;sadness;1
1512;maid;1
1513;residence;1
1514;likes;1
1515;waste;1
1516;comedy;1
1517;equipment;1
1518;brood;1
1519;martial;1
1520;directions;1
1521;lists;1
1522;handsome;1
1523;senseless;1
1524;conceive;1
1525;tilde;1
1526;tenantless;1
1527;reckless;1
1528;consonancy;1
1529;compos'd;1
1530;paradox;1
1531;clouts;1
1532;physical;1
1533;included;1
1534;met;1
1535;palmy;1
1536;opposed;1
1537;rebuke;1
1538;combated;1
1539;waving;1
1540;pick'd;1
1541;exactly;1
1542;gentry;1
1543;admittance;1
1544;witness;1
1545;romage;1
1546;lodge;1
1547;inform;1
1548;curd;1
1549;crash;1
1550;character;1
1551;sizes;1
1552;meaning;1
1553;stick;1
1554;10;1
1555;moderate;1
1556;height;1
1557;sleeps;1
1558;flourishes;1
1559;beaten;1
1560;wonderful;1
1561;ducats;1
1562;benefit;1
1563;flood;1
1564;receives;1
1565;solicitings;1
1566;barber's;1
1567;association;1
1568;invites;1
1569;womb;1
1570;31;1
1571;wisdoms;1
1572;rais'd;1
1573;heavenly;1
1574;releases;1
1575;reverend;1
1576;dye;1
1577;texts;1
1578;increasing;1
1579;seeks;1
1580;numbers;1
1581;locks;1
1582;affectation;1
1583;behooves;1
1584;paces;1
1585;roughly;1
1586;bare;1
1587;wrinkled;1
1588;dropping;1
1589;bears;1
1590;modification;1
1591;grounds;1
1592;pestilent;1
1593;converse;1
1594;mass;1
1595;proper;1
1596;prologue;1
1597;apply;1
1598;mart;1
1599;tribute;1
1600;bounteous;1
1601;fingers;1
1602;loss;1
1603;90;1
1604;trifling;1
1605;rul'd;1
1606;preliminary;1
1607;supposal;1
1608;indict;1
1609;books;1
1610;bawds;1
1611;wore;1
1612;nymph;1
1613;stated;1
1614;bawdy;1
1615;blench;1
1616;greeks;1
1617;confin'd;1
1618;throwing;1
1619;slave;1
1620;across;1
1621;congregation;1
1622;impotence;1
1623;loud;1
1624;bawd;1
1625;niobe;1
1626;juice;1
1627;opinion;1
1628;duller;1
1629;hasty;1
1630;hyrcanian;1
1631;rhenish;1
1632;gonzago;1
1633;appal;1
1634;craft;1
1635;recks;1
1636;dirge;1
1637;discover;1
1638;coward;1
1639;sounding;1
1640;estimation;1
1641;sinners;1
1642;enmity;1
1643;spend;1
1644;extinct;1
1645;advantage;1
1646;controversy;1
1647;deductible;1
1648;temple;1
1649;seduce;1
1650;allowed;1
1651;caviary;1
1652;revisits;1
1653;kites;1
1654;empire;1
1655;moving;1
1656;fairy;1
1657;springes;1
1658;stop;1
1659;conception;1
1660;returns;1
1661;computers;1
1662;sweep;1
1663;slay;1
1664;stung;1
1665;unlimited;1
1666;thorns;1
1667;notes;1
1668;official;1
1669;deliver'd;1
1670;spring;1
1671;fitness;1
1672;ebooks;1
1673;neer;1
1674;knave;1
1675;surrender;1
1676;blazes;1
1677;users;1
1678;volume;1
1679;materials;1
1680;loose;1
1681;loathsome;1
1682;crawling;1
1683;lasting;1
1684;thorny;1
1685;precurse;1
1686;private;1
1687;perturbed;1
1688;gates;1
1689;calamity;1
1690;forts;1
1691;unschool'd;1
1692;fails;1
1693;encompassment;1
1694;forty;1
1695;shouldst;1
1696;chiefly;1
1697;noted;1
1698;forgeries;1
1699;sweat;1
1700;traduc'd;1
1701;winking;1
1702;education;1
1703;aeneas;1
1704;release;1
1705;assays;1
1706;sullies;1
1707;unanel'd;1
1708;tried;1
1709;outbreak;1
1710;narrow;1
1711;consequen;1
1712;e'il;1
1713;soldier's;1
1714;drives;1
1715;fadoms;1
1716;graves;1
1717;chariest;1
1718;oppressor's;1
1719;vapours;1
1720;tormenting;1
1721;pastors;1
1722;coronation;1
1723;obstinate;1
1724;weighing;1
1725;follow'd;1
1726;preceding;1
1727;dawning;1
1728;coted;1
1729;honor;1
1730;indemnity;1
1731;circumscrib'd;1
1732;consider'd;1
1733;etc;1
1734;hallow'd;1
1735;links;1
1736;moist;1
1737;entrance;1
1738;remedies;1
1739;shame;1
1740;dreamt;1
1741;running;1
1742;grunt;1
1743;define;1
1744;tokens;1
1745;unprofitable;1
1746;render;1
1747;intents;1
1748;usurp'st;1
1749;uncurrent;1
1750;xxxxx10x.xxx;1
1751;whisper;1
1752;appetite;1
1753;borrowing;1
1754;remainder;1
1755;galls;1
1756;achievements;1
1757;ring;1
1758;unforc'd;1
1759;shift;1
1760;couch;1
1761;where's;1
1762;companies;1
1763;gins;1
1764;remorse;1
1765;imminent;1
1766;remain;1
1767;expected;1
1768;roscius;1
1769;amaze;1
1770;confound;1
1771;entreatments;1
1772;saviour's;1
1773;deserved;1
1774;rotten;1
1775;flash;1
1776;feels;1
1777;enemy;1
1778;griev'd;1
1779;indemnify;1
1780;attribute;1
1781;porcupine;1
1782;affliction;1
1783;outwards;1
1784;spurns;1
1785;triumph;1
1786;jaws;1
1787;warr'nt;1
1788;p.o;1
1789;danskers;1
1790;plautus;1
1791;blazon;1
1792;livery;1
1793;sweaty;1
1794;erring;1
1795;sterling;1
1796;deject;1
1797;incomplete;1
1798;didst;1
1799;white;1
1800;sounded;1
1801;distilment;1
1802;girl;1
1803;whatever;1
1804;surmise;1
1805;ebcdic;1
1806;leads;1
1807;trifle;1
1808;next;1
1809;summit;1
1810;weigh'd;1
1811;button;1
1812;central;1
1813;impartment;1
1814;trademark;1
1815;lived;1
1816;rack;1
1817;toys;1
1818;race;1
1819;breaks;1
1820;war;1
1821;necessaries;1
1822;grey;1
1823;wax;1
1824;summons;1
1825;fortified;1
1826;israel;1
1827;rise;1
1828;beseech'd;1
1829;fought;1
1830;laboursome;1
1831;quickly;1
1832;charles;1
1833;proclaim'd;1
1834;fat;1
1835;fay;1
1836;treason;1
1837;pronounc'd;1
1838;lives;1
1839;depends;1
1840;swear't;1
1841;horrid;1
1842;lofty;1
1843;consequential;1
1844;hyperion;1
1845;suit;1
1846;study;1
1847;brokers;1
1848;alleys;1
1849;web;1
1850;wharf;1
1851;trick'd;1
1852;crust;1
1853;befitted;1
1854;shirt;1
1855;wanton;1
1856;songs;1
1857;eruption;1
1858;rage;1
1859;behold;1
1860;stockings;1
1861;sides;1
1862;awork;1
1863;board;1
1864;stuff;1
1865;o'ersized;1
1866;fed;1
1867;constantly;1
1868;provoke;1
1869;presented;1
1870;whiles;1
1871;foil;1
1872;repugnant;1
1873;men's;1
1874;pleasing;1
1875;produced;1
1876;gait;1
1877;sugar;1
1878;unworthy;1
1879;weigh;1
1880;wondrous;1
1881;drinks;1
1882;died;1
1883;satirical;1
1884;diet;1
1885;ungracious;1
1886;gall;1
1887;approaches;1
1888;smear'd;1
1889;aloof;1
1890;matters;1
1891;traitorous;1
1892;uses;1
1893;denied;1
1894;dido;1
1895;smote;1
1896;promo.net;1
1897;slave's;1
1898;greeting;1
1899;mettled;1
1900;fond;1
1901;pangs;1
1902;hush;1
1903;bedrid;1
1904;wantonness;1
1905;carve;1
1906;dreaded;1
1907;valanc'd;1
1908;wann'd;1
1909;porches;1
1910;labourer;1
1911;brothel;1
1912;virus;1
1913;compulsatory;1
1914;saw't;1
1915;sudden;1
1916;whom;1
1917;nickname;1
1918;scarcely;1
1919;disclaimer;1
1920;innovation;1
1921;grandsire;1
1922;familiar;1
1923;food;1
1924;survivor;1
1925;drabbing;1
1926;observers;1
1927;gape;1
1928;lightness;1
1929;nemean;1
1930;fore;1
1931;furnish;1
1932;potently;1
1933;o'ergrowth;1
1934;methought;1
1935;won;1
1936;warning;1
1937;wot;1
1938;image;1
1939;em;1
1940;et;1
1941;profound;1
1942;marble;1
1943;squeak;1
1944;garb;1
1945;carry;1
1946;bility;1
1947;foe;1
1948;foh;1
1949;whiff;1
1950;origin;1
1951;antic;1
1952;loneliness;1
1953;content;1
1954;givers;1
1955;rate;1
1956;uphoarded;1
1957;trouble;1
1958;divide;1
1959;attended;1
1960;tragedians;1
1961;unmask;1
1962;jointress;1
1963;justly;1
1964;coagulate;1
1965;withdraw;1
1966;drab;1
1967;feather;1
1968;placed;1
1969;transcription;1
1970;whips;1
1971;speechless;1
1972;esteem'd;1
1973;dram;1
1974;https;1
1975;burnt;1
1976;french;1
1977;ocr;1
1978;swounds;1
1979;issue;1
1980;dejected;1
1981;iv;1
1982;resulting;1
1983;odd;1
1984;savoury;1
1985;distraction;1
1986;acted;1
1987;alteration;1
1988;crafty;1
1989;uneffectual;1
1990;rascal;1
1991;lawful;1
1992;unproportion'd;1
1993;wassail;1
1994;customary;1
1995;flushing;1
1996;belief;1
1997;pioner;1
1998;sadly;1
1999;suggestion;1
2000;scholar's;1
2001;nipping;1
2002;leperous;1
2003;receiv;1
2004;fear'd;1
2005;enterprises;1
2006;antique;1
2007;thaw;1
2008;mother's;1
2009;plum;1
2010;months;1
2011;cowards;1
2012;shuffled;1
2013;disk;1
2014;heat;1
2015;treads;1
2016;draughts;1
2017;fellies;1
2018;passionate;1
2019;student;1
2020;illusion;1
2021;preparations;1
2022;productivity;1
2023;reserve;1
2024;kindless;1
2025;recover;1
2026;tyrannically;1
2027;ungart'red;1
2028;pe;1
2029;prenominate;1
2030;luxury;1
2031;prophetic;1
2032;infringement;1
2033;sitting;1
2034;quaintly;1
2035;forg'd;1
2036;readily;1
2037;o'erwhelm;1
2038;nation;1
2039;determination;1
2040;falsehood;1
2041;freeze;1
2042;exercises;1
2043;estimate;1
2044;hundreds;1
2045;breaking;1
2046;here's;1
2047;allowance;1
2048;seat;1
2049;re;1
2050;howsoever;1
2051;attorney;1
2052;suck'd;1
2053;gratis;1
2054;conservative;1
2055;seed;1
2056;bells;1
2057;implorators;1
2058;lecherous;1
2059;lecture;1
2060;liar;1
2061;insolence;1
2062;caution;1
2063;suspiration;1
2064;maintains;1
2065;upon't;1
2066;analyzed;1
2067;souls;1
2068;whirling;1
2069;closet;1
2070;started;1
2071;unbrac'd;1
2072;acquaint;1
2073;compressed;1
2074;nature's;1
2075;willing;1
2076;diadem;1
2077;trivial;1
2078;coil;1
2079;usual;1
2080;oppress'd;1
2081;thin;1
2082;avouch;1
2083;changed;1
2084;resolutes;1
2085;glowworm;1
2086;prophesy;1
2087;shapes;1
2088;heir;1
2089;honey;1
2090;impious;1
2091;orb;1
2092;slight;1
2093;damn;1
2094;proportions;1
2095;revel;1
2096;12.08.93;1
2097;lids;1
2098;fruitful;1
2099;inclin'd;1
2100;displays;1
2101;venom;1
2102;convoy;1
2103;passeth;1
2104;swearing;1
2105;ominous;1
2106;wife;1
2107;contract;1
2108;fortifications;1
2109;provisions;1
2110;assail;1
2111;instrumental;1
2112;exact;1
2113;scape;1
2114;slander;1
2115;tools;1
2116;husband's;1
2117;deceiv'd;1
2118;sewing;1
2119;malefactions;1
2120;sensible;1
2121;yielding;1
2122;transformation;1
2123;typo;1
2124;forcing;1
2125;yond;1
2126;10,000;1
2127;ended;1
2128;reveal;1
2129;data;1
2130;translate;1
2131;lightest;1
2132;partisan;1
2133;blow;1
2134;hillo;1
2135;proposer;1
2136;fretted;1
2137;beards;1
2138;send;1
2139;expenses;1
2140;line;1
2141;scale;1
2142;trappings;1
2143;hadst;1
2144;undertakings;1
2145;purport;1
2146;hearts;1
2147;station;1
2148;haviour;1
2149;shrill;1
2150;nose;1
2151;costs;1
2152;reels;1
2153;intent;1
2154;oath;1
2155;roasted;1
2156;harmless;1
2157;satyr;1
2158;intend;1
2159;resemble;1
2160;exclusions;1
2161;begins;1
2162;paragon;1
2163;nominally;1
2164;contributions;1
2165;protected;1
2166;afflict;1
2167;sovereignty;1
2168;whatsoever;1
2169;everlasting;1
2170;possess;1
2171;neutral;1
2172;volunteers;1
2173;marrow;1
2174;sere;1
2175;steep'd;1
2176;replies;1
2177;wing;1
2178;airy;1
2179;carriage;1
2180;airs;1
2181;priam's;1
2182;vanquisher;1
2183;fates;1
2184;currents;1
2185;dircompg;1
2186;impasted;1
2187;licensed;1
2188;sets;1
2189;borrower;1
2190;plentiful;1
2191;wipe;1
2192;licenses;1
2193;lips;1
2194;speaks;1
2195;combined;1
2196;faces;1
2197;singeth;1
2198;imperial;1
2199;reader;1
2200;sworn;1
2201;wise;1
2202;vicious;1
2203;monarchs;1
2204;lisp;1
2205;pay;1
2206;rivals;1
2207;neglected;1
2208;windlasses;1
2209;mightiest;1
2210;scenes;1
2211;child;1
2212;hatch'd;1
2213;vailed;1
2214;hearsed;1
2215;remove;1
2216;paintings;1
2217;peak;1
2218;quietus;1
2219;libertine;1
2220;taint;1
2221;lads;1
2222;named;1
2223;bleeding;1
2224;mov'd;1
2225;delivered;1
2226;wrack;1
2227;wrist;1
2228;moiety;1
2229;bark'd;1
2230;heroes;1
2231;write;1
2232;infants;1
2233;proceed;1
2234;understand;1
2235;watch'd;1
2236;harshly;1
2237;promontory;1
2238;bestow'd;1
2239;say'st;1
2240;shadows;1
2241;gum;1
2242;larger;1
2243;wait;1
2244;ilium;1
2245;breeder;1
2246;tial;1
2247;twixt;1
2248;costly;1
2249;hitherto;1
2250;monday;1
2251;raves;1
2252;sallets;1
2253;manner;1
2254;earthly;1
2255;wake;1
2256;glean;1
2257;expostulate;1
2258;whipping;1
2259;members;1
2260;stock;1
2261;goosequills;1
2262;thews;1
2263;chiefest;1
2264;loins;1
2265;tempt;1
2266;privates;1
2267;snow;1
2268;lank;1
2269;bodykins;1
2270;fruit;1
2271;prisoner;1
2272;extorted;1
2273;combat;1
2274;chopine;1
2275;pursue;1
2276;convey;1
2277;unhous'led;1
2278;goblin;1
2279;unpack;1
2280;couched;1
2281;buttons;1
2282;accord;1
2283;forfeit;1
2284;doubtful;1
2285;vigour;1
2286;o'erteemed;1
2287;dexterity;1
2288;burning;1
2289;crowns;1
2290;machines;1
2291;ply;1
2292;quietly;1
2293;despis'd;1
2294;denmark's;1
2295;incidental;1
2296;events;1
2297;displayed;1
2298;edited;1
2299;quicksilver;1
2300;want;1
2301;mute;1
2302;offend;1
2303;actions;1
2304;1ws2610;1
2305;fiends;1
2306;scanning;1
2307;nobler;1
2308;accident;1
2309;bethought;1
2310;knight;1
2311;honours;1
2312;design'd;1
2313;escape;1
2314;beating;1
2315;disclose;1
2316;doom'd;1
2317;charm;1
2318;respeaking;1
2319;perusal;1
2320;lethe;1
2321;friendship;1
2322;digested;1
2323;disappointed;1
2324;canopy;1
2325;school;1
2326;hap;1
2327;preserved;1
2328;cautel;1
2329;hat;1
2330;pastime;1
2331;wary;1
2332;incontinency;1
2333;pro;1
2334;secrets;1
2335;attent;1
2336;eterne;1
2337;lash;1
2338;wars;1
2339;aliis;1
2340;asking;1
2341;unfledg'd;1
2342;yesterday;1
2343;dar'd;1
2344;early;1
2345;5093;1
2346;dalliance;1
2347;dominions;1
2348;aroused;1
2349;sickness;1
2350;program;1
2351;stoops;1
2352;tediousness;1
2353;artire;1
2354;deprive;1
2355;reliev'd;1
2356;laws;1
2357;having;1
2358;lesson;1
2359;doublet;1
2360;revengeful;1
2361;jocund;1
2362;ponderous;1
2363;havior;1
2364;smart;1
2365;theme;1
2366;suffers;1
2367;silver'd;1
2368;muddy;1
2369;tennis;1
2370;permanent;1
2371;garden;1
2372;travel;1
2373;peevish;1
2374;hic;1
2375;defeated;1
2376;fiction;1
2377;cov'nant;1
2378;stomach;1
2379;bruit;1
2380;emulate;1
2381;prick'd;1
2382;companions;1
2383;proofread;1
2384;whither;1
2385;tree;1
2386;history;1
2387;eclipse;1
2388;sailors;1
2389;match'd;1
2390;sustain;1
2391;altitude;1
2392;beck;1
2393;beguile;1
2394;lender;1
2395;eternity;1
2396;process;1
2397;deserve;1
2398;restore;1
2399;hereafter;1
2400;approve;1
2401;mourn'd;1
2402;account;1
2403;monstrous;1
2404;neighbour'd;1
2405;rememb'red;1
2406;conqueror;1
2407;tenable;1
2408;sinews;1
2409;mothers;1
2410;yon;1
2411;jump;1
2412;knowledge;1
2413;importun'd;1
2414;eyases;1
2415;amble;1
2416;hellish;1
2417;opportunity;1
2418;wisely;1
2419;organ;1
2420;abuses;1
2421;thereto;1
2422;maggots;1
2423;hearing;1
2424;wedding;1
2425;undiscover'd;1
2426;spreads;1
2427;drains;1
2428;blast;1
2429;tells;1
2430;repel;1
2431;june;1
2432;calls;1
2433;purse;1
2434;escoted;1
2435;dispatch;1
2436;truster;1
2437;promise;1
2438;trail;1
2439;polacks;1
2440;absurd;1
2441;modesty;1
2442;reckoning;1
2443;talk;1
2444;sheeted;1
2445;dedicated;1
2446;count;1
2447;tweaks;1
2448;scholar;1
2449;vision;1
2450;immediate;1
2451;blame;1
2452;reckon;1
2453;confusion;1
2454;carrying;1
2455;slanders;1
2456;blank;1
2457;slings;1
2458;primy;1
2459;thereon;1
2460;apiece;1
2461;threat'ning;1
2462;deceived;1
2463;offences;1
2464;barr'd;1
2465;shameful;1
2466;outward;1
2467;notice;1
2468;bloody;1
2469;midnight;1
2470;holy;1
2471;michael;1
2472;material;1
2473;although;1
2474;hue;1
2475;hum;1
2476;repulsed;1
2477;falconers;1
2478;reaches;1
2479;therein;1
2480;adventurous;1
2481;royalty;1
2482;norwegian;1
2483;soon;1
2484;executive;1
2485;melt;1
2486;sons;1
2487;lock'd;1
2488;bounty;1
2489;dowry;1
2490;bell;1
2491;fires;1
2492;reached;1
2493;o'erhasty;1
2494;headed;1
2495;mars's;1
2496;fordoes;1
2497;whe'r;1
2498;bent;1
2499;gaudy;1
2500;amber;1
2501;corrected;1
2502;agents;1
2503;foresaid;1
2504;codes;1
2505;forged;1
2506;instance;1
2507;inheritance;1
2508;drown;1
2509;importing;1
2510;host;1
2511;backward;1
2512;selected;1
2513;filial;1
2514;accepts;1
2515;sooner;1
2516;hoops;1
2517;pleasant;1
2518;shark'd;1
2519;forget;1
2520;talk'd;1
2521;task;1
2522;sore;1
2523;petty;1
2524;toils;1
2525;dangerous;1
2526;appears;1
2527;distill'd;1
2528;invulnerable;1
2529;transform;1
2530;writers;1
2531;unprevailing;1
2532;privy;1
2533;mere;1
2534;opinions;1
2535;writes;1
2536;shipwrights;1
2537;harping;1
2538;hebona;1
2539;unsifted;1
2540;sulph'rous;1
2541;quoted;1
2542;ignorant;1
2543;husbandry;1
2544;processing;1
2545;calumnious;1
2546;cellarage;1
2547;pieces;1
2548;baser;1
2549;climature;1
2550;play's;1
2551;wears;1
2552;bespeak;1
2553;play'd;1
2554;afraid;1
2555;harrows;1
2556;sicklied;1
2557;falsely;1
2558;five;1
2559;seiz'd;1
2560;vanilla;1
2561;impatient;1
2562;quarrelling;1
2563;admirable;1
2564;pester;1
2565;rankly;1
2566;finding;1
2567;commerce;1
2568;swaddling;1
2569;unmast'red;1
2570;poem;1
2571;wants;1
2572;poet;1
2573;wonder;1
2574;ject;1
2575;frowningly;1
2576;ratified;1
2577;amaz'd;1
2578;dramatis;1
2579;comment;1
2580;osric;1
2581;1604;1
2582;employ;1
2583;swagg'ring;1
2584;wisest;1
2585;preparation;1
2586;prick;1
2587;charitable;1
2588;bear't;1
2589;zip;1
2590;arise;1
2591;agree;1
2592;individable;1
2593;hammers;1
2594;anyone;1
2595;pride;1
2596;steep;1
2597;foreign;1
2598;unvalued;1
2599;moreover;1
2600;sepulchre;1
2601;demonstrated;1
2602;undergo;1
2603;abstract;1
2604;suppliance;1
2605;unhand;1
2606;liquid;1
2607;forgone;1
2608;wings;1
2609;spake;1
2610;damaged;1
2611;afflicts;1
2612;pronouncing;1
2613;devotion's;1
2614;roman;1
2615;pole;1
2616;space;1
2617;contacting;1
2618;spite;1
2619;savageness;1
2620;nephew;1
2621;depart;1
2622;tether;1
2623;seneca;1
2624;cuffs;1
2625;likeness;1
2626;suff'red;1
2627;windy;1
2628;holding;1
2629;attendant;1
2630;ha't;1
2631;endeavour;1
2632;value;1
2633;arras;1
2634;ing;1
2635;lenten;1
2636;by'r;1
2637;westward;1
2638;stages;1
2639;resolution;1
2640;probation;1
2641;farm;1
2642;glimpses;1
2643;needful;1
2644;drunkards;1
2645;younger;1
2646;fairly;1
2647;pooh;1
2648;shaking;1
2649;persons;1
2650;shocks;1
2651;walk'd;1
2652;bisson;1
2653;unkind;1
2654;posted;1
2655;dollar;1
2656;handsaw;1
2657;nightly;1
2658;purg'd;1
2659;aspect;1
2660;prosperously;1
2661;close;1
2662;saint;1
2663;kettledrum;1
2664;oppression;1
2665;grating;1
2666;turbulent;1
2667;behav'd;1
2668;desperation;1
2669;couple;1
2670;unweeded;1
2671;offended;1
2672;milch;1
2673;gyved;1
2674;red;1
2675;negligence;1
2676;beteem;1
2677;imperfections;1
2678;its;1
2679;remedy;1
2680;commendable;1
2681;article;1
2682;respect;1
2683;distemper;1
2684;groans;1
2685;directors;1
2686;truncheon's;1
2687;happiness;1
2688;strikes;1
2689;expectancy;1
2690;pour;1
2691;message;1
2692;pledge;1
2693;crab;1
2694;remembrances;1
2695;hardy;1
2696;sanity;1
2697;wish'd;1
2698;yesternight;1
2699;chronicles;1
2700;faults;1
2701;decline;1
2702;aha;1
2703;upspring;1
2704;swinish;1
2705;sterile;1
2706;shrunk;1
2707;nighted;1
2708;portentous;1
2709;exclusion;1
2710;defeat;1
2711;extravagant;1
2712;disclaims;1
2713;orisons;1
2714;horrors;1
2715;meantime;1
2716;removed;1
2717;meditation;1
2718;copied;1
2719;t'other;1
2720;points;1
2721;milky;1
2722;rear;1
2723;credent;1
2724;brains;1
2725;rapiers;1
2726;lov'd;1
2727;pregnant;1
2728;always;1
2729;touch;1
2730;prompted;1
2731;alas;1
2732;slips;1
2733;ladyship;1
2734;prayers;1
2735;rede;1
2736;jangled;1
2737;rebellious;1
2738;illume;1
2739;saying;1
2740;row;1
2741;abroad;1
2742;minute;1
2743;gaged;1
2744;punctuation;1
2745;rebels;1
2746;halfpenny;1
2747;droppings;1
2748;taste;1
2749;friending;1
2750;allowable;1
2751;english;1
2752;annual;1
2753;resort;1
2754;eyrie;1
2755;harlot's;1
2756;cdroms;1
2757;deeds;1
2758;apt;1
2759;vial;1
2760;demand;1
2761;importunity;1
2762;spheres;1
2763;letter;1
2764;corruption;1
2765;accuse;1
2766;impotent;1
2767;o'erthrown;1
2768;worth;1
2769;fruits;1
2770;watchman;1
2771;taken;1
2772;broken;1
2773;fall'n;1
2774;stalks;1
2775;rub;1
2776;longed;1
2777;mincing;1
2778;colleagued;1
2779;perpend;1
2780;run;1
2781;treacherous;1
2782;mouse;1
2783;primrose;1
2784;helpful;1
2785;courses;1
2786;flaming;1
2787;lifted;1
2788;bold;1
2789;bounded;1
2790;worst;1
2791;mourn;1
2792;knotted;1
2793;shot;1
2794;defend;1
2795;do't;1
2796;mantle;1
2797;outrageous;1
2798;shoe;1
2799;estimated;1
2800;fardels;1
2801;beetles;1
2802;clapp'd;1
2803;suddenly;1
2804;editing;1
2805;target;1
2806;mouth;1
2807;stranger;1
2808;fancy;1
2809;vouchsafe;1
2810;ta'en;1
2811;explanatory;1
2812;100,000,000;1
2813;pressures;1
2814;rend;1
2815;loosed;1
2816;case;1
2817;shareware;1
2818;julius;1
2819;stiffly;1
2820;cleave;1
2821;violet;1
2822;affections;1
2823;sunday;1
2824;carp;1
2825;miraculous;1
2826;omen;1
2827;perceiv'd;1
2828;bearers;1
2829;waist;1
2830;damage;1
2831;assault;1
2832;abridgment;1
2833;lends;1
2834;guard;1
2835;exercise;1
2836;harsh;1
2837;carters;1
2838;powerfully;1
2839;labour;1
2840;comrade;1
2841;burthen;1
2842;bended;1
2843;inaccurate;1
2844;neptune's;1
2845;shut;1
2846;questionable;1
2847;simple;1
2848;adheres;1
2849;influence;1
2850;nave;1
2851;shrewdly;1
2852;described;1
2853;mote;1
2854;england;1
2855;shatter;1
2856;contumely;1
2857;bones;1
2858;daily;1
2859;nerve;1
2860;courteous;1
2861;limitation;1
2862;lewdness;1
2863;insert;1
2864;captain;1
2865;forbid;1
2866;bowl;1
2867;wards;1
2868;mows;1
2869;consummation;1
2870;patient;1
2871;clown;1
2872;clout;1
2873;comply;1
2874;convertible;1
2875;increase;1
2876;kingdom;1
2877;afternoon;1
2878;harbingers;1
2879;equivalent;1
2880;woodcocks;1
2881;asterisk;1
2882;boys;1
2883;awake;1
2884;plague;1
2885;crowing;1
2886;canon;1
2887;synod;1
2888;suffer;1
2889;disjoint;1
2890;know'st;1
2891;afterwards;1
2892;disasters;1
2893;pursuest;1
2894;angry;1
2895;globe;1
2896;delay;1
2897;drive;1
2898;bodkin;1
2899;prescripts;1
2900;strong;1
2901;deal;1
2902;sanctified;1
2903;unfortified;1
2904;ministers;1
2905;coldly;1
2906;personae;1
2907;enquire;1
2908;indicate;1
2909;incorrect;1
2910;entered;1
2911;practices;1
2912;admiration;1
2913;petition;1
2914;river;1
2915;lord's;1
2916;purging;1
2917;beg;1
2918;developed;1
2919;unreclaimed;1
2920;humorous;1
2921;marriages;1
2922;videlicet;1
2923;faded;1
2924;matin;1
2925;garbage;1
2926;searched;1
2927;sblood;1
2928;epitaph;1
2929;galled;1
2930;parts;1
2931;helps;1
2932;duties;1
2933;however;1
2934;greetings;1
2935;unmatch'd;1
2936;aunt;1
2937;confines;1
2938;scorns;1
2939;proofing;1
2940;living;1
2941;breathing;1
2942;false;1
2943;wearing;1
2944;tyrant;1
2945;breed;1
2946;ubique;1
2947;avoid;1
2948;observant;1
2949;humans;1
2950;abus'd;1
2951;unrighteous;1
2952;posset;1
2953;peasant;1
2954;select;1
2955;nations;1
2956;chanson;1
2957;improved;1
2958;maiden;1
2959;striking;1
2960;crows;1
2961;animals;1
2962;inquire;1
2963;director;1
2964;vain;1
2965;fretful;1
2966;taints;1
2967;foolish;1
2968;drink;1
2969;beauties;1
2970;john;1
2971;bodes;1
2972;begin;1
2973;beautied;1
2974;crack'd;1
2975;brought;1
2976;viewed;1
2977;december;1
2978;hies;1
2979;highness;1
2980;side;1
2981;scanter;1
2982;plausive;1
2983;change;1
2984;indirectly;1
2985;blasted;1
2986;comfort;1
2987;hide;1
2988;discovery;1
2989;quills;1
2990;powers;1
2991;knees;1
2992;modesties;1
2993;office;1
2994;precepts;1
2995;anger;1
2996;stands;1
2997;sift;1
2998;skirts;1
2999;contagious;1
3000;perilous;1
3001;barefoot;1
3002;levied;1
3003;directly;1
3004;unnerved;1
3005;arrests;1
3006;evermore;1
3007;courtier's;1
3008;errors;1
3009;behind;1
3010;bow;1
3011;total;1
3012;illo;1
3013;loses;1
3014;countrymen;1
3015;ills;1
3016;auspicious;1
3017;plays;1
3018;wheel;1
3019;cross;1
3020;moult;1
3021;conjure;1
3022;lobby;1
3023;quarrel;1
3024;amen;1
3025;mould;1
3026;buried;1
3027;tarre;1
3028;dwelling;1
3029;eastward;1
3030;scent;1
3031;draws;1
3032;heartache;1
3033;extremity;1
3034;closely;1
3035;horse;1
3036;remorseless;1
3037;affront;1
3038;apprehension;1
3039;dungeons;1
3040;cooperate;1
3041;overcome;1
3042;unpregnant;1
3043;bawdry;1
3044;foul'd;1
3045;key;1
3046;surprised;1
3047;storm;1
3048;addicted;1
3049;laying;1
3050;compuserve.com;1
3051;cloak;1
3052;vast;1
3053;story;1
3054;clowns;1
3055;buy;1
3056;lazar;1
3057;unequal;1
3058;op'd;1
3059;confine;1
3060;instantly;1
3061;written;1
3062;wishes;1
3063;beaver;1
3064;greatness;1
3065;dreadfully;1
3066;o'erhanging;1
3067;dismal;1
3068;stole;1
3069;sins;1
3070;foreknowing;1
3071;nutshell;1
3072;especially;1
3073;expend;1
3074;desk;1
3075;sing;1
3076;higher;1
3077;implements;1
3078;records;1
3079;kin;1
3080;proprietary;1
3081;world's;1
3082;strokes;1
3083;truepenny;1
3084;corrupt;1
3085;inhibition;1
3086;o'erraught;1
3087;russet;1
3088;reach;1
3089;potent;1
3090;forc'd;1
3091;processors;1
3092;positively;1
3093;kissing;1
3094;wrath;1
3095;roar;1
3096;traveller;1
3097;goal;1
3098;joyfully;1
3099;monsters;1
3100;fail'd;1
3101;inclining;1
3102;beggar;1
3103;dews;1
3104;stately;1
3105;following;1
3106;wildness;1
3107;impress;1
3108;knaves;1
3109;feature;1
3110;flat;1
3111;soil'd;1
3112;brazen;1
3113;lawless;1
3114;conceal'd;1
3115;observation;1
3116;tremble;1
3117;hits;1
3118;site;1
3119;robe;1
3120;behaviour;1
3121;scarce;1
3122;sith;1
3123;observ'd;1
3124;parle;1
3125;argument;1
3126;resembles;1
3127;utter;1
3128;calumny;1
3129;declension;1
3130;dozen;1
3131;knocking;1
3132;offal;1
3133;verse;1
3134;encumb'red;1
3135;bourn;1
3136;natures;1
3137;indirect;1
3138;ugly;1
3139;tax;1
3140;lack'd;1
3141;regards;1
3142;favours;1
3143;herself;1
3144;sail;1
3145;believ'd;1
3146;weep;1
3147;tune;1
3148;projected;1
3149;hair;1
3150;paris;1
3151;who's;1
3152;o'ertook;1
3153;alarm;1
3154;weed;1
3155;commandment;1
3156;besmirch;1
3157;country's;1
3158;smooth;1
3159;motion;1
3160;idle;1
3161;fearful;1
3162;hail;1
3163;bites;1
3164;accent;1
