Text;Size
a;498
hogy;281
nem;268
s;263
e;246
az;223
és;194
de;138
is;131
egy;116
ön;103
ez;99
volt;97
én;93
sem;85
meg;77
ha;74
ki;72
mi;71
még;69
csak;66
midőn;64
mint;63
oly;62
őt;61
azon;54
el;53
mert;52
van;50
volna;50
már;48
mit;45
nő;41
ő;38
épen;38
azt;35
minden;34
vagy;32
ne;29
igen;27
ah;27
után;27
fiatal;27
fel;26
viktor;26
többé;26
mely;26
itt;26
tehát;25
igy;25
akkor;24
uram;23
kell;23
két;23
nincs;23
nekem;22
nap;22
vagyok;22
nélkül;22
legyen;22
ügyvéd;22
nehány;22
most;22
ember;21
…;20
által;20
barátom;20
iránt;20
magát;20
miként;19
önnek;19
alig;19
férje;18
talán;18
önt;18
azért;18
ily;18
lenni;18
miszerint;17
sokkal;17
fog;17
kinek;17
végre;17
férj;17
elég;17
lőn;17
alatt;17
pár;16
több;16
bár;16
édes;16
pedig;16
bizonyos;16
egészen;16
soha;16
némi;16
mindig;16
nőm;15
hanem;15
egész;15
idő;15
leend;15
óta;15
mily;14
asszonyom;14
mig;14
egyetlen;14
először;14
nagysád;14
vissza;14
te;14
annyi;14
más;14
mintha;14
ugyan;13
vannak;13
szép;13
uj;13
isten;13
magamat;13
bizonyára;13
melyet;13
miért;13
mindent;13
előtt;13
idegen;13
valami;13
azonban;13
kezdett;12
ugy;12
mondá;12
ezt;12
kissé;12
annyira;12
óra;12
the;11
hát;11
ismét;11
fogok;11
különben;11
legalább;11
aztán;11
kocsi;11
percz;11
sohasem;11
antal;11
első;11
mulva;11
rövid;11
csakhamar;11
ó;10
mind;10
velem;10
képes;10
endre;10
találtam;10
mondja;10
akarom;10
inkább;10
lenne;10
föl;10
lehet;9
maga;9
előttem;9
rám;9
szobába;9
vele;9
jó;9
oh;9
önnel;9
oka;9
helyett;9
szeret;9
egyenesen;9
történt;9
kedves;9
egyszer;9
boldog;9
szoba;9
felőle;9
adá;9
örökre;9
boldogtalan;9
úr;9
ezer;8
látszott;8
pillanatban;8
minő;8
neki;8
julie;8
be;8
kezd;8
szeretem;8
voltam;8
rá;8
érzém;8
kérem;8
engem;8
mindössze;8
daczára;8
hiszem;8
sőt;8
jött;8
nagy;8
tovább;8
élénk;8
át;8
adni;8
szabad;8
melynek;8
kit;8
együtt;8
hasztalan;7
jelen;7
mértékben;7
kezét;7
tevé;7
esetben;7
férfiu;7
nos;7
adám;7
fájdalom;7
élet;7
na;7
voltak;7
közt;7
hangon;7
közé;7
mintegy;7
birtam;7
kérdé;7
akarok;7
kiáltám;7
úgy;7
valék;7
semmi;7
ismeretlennőm;7
melyeket;7
valaki;7
tőn;7
tudja;7
olyan;7
tudom;7
öt;7
kis;7
semhogy;7
hisz;7
*;6
szavakkal;6
hang;6
felől;6
mondám;6
kivül;6
telt;6
szokott;6
balázs;6
sokat;6
felett;6
ebook;6
napon;6
ellen;6
kezdém;6
nőt;6
fogom;6
szavaim;6
értésére;6
végig;6
adott;6
azonnal;6
tökéletesen;6
sándor;6
ezelőtt;6
esküszöm;6
rajta;6
of;6
magam;6
magas;6
ott;6
venni;6
fekete;6
szemben;6
mindenki;6
arra;6
valának;6
kétszeres;6
melyek;6
atyja;6
szegény;6
igaza;6
olvasó;6
akar;6
ismeretlen;6
ide;6
nőmet;6
őszintén;6
alá;6
tekintetben;6
hozzám;6
év;6
valaha;6
teréz;6
mellyel;6
bocsánat;5
ezek;5
lett;5
életemben;5
dolog;5
erre;5
inas;5
annál;5
mellett;5
akár;5
fanni;5
majd;5
halvány;5
szenvedély;5
válni;5
puszta;5
fogja;5
szavait;5
forró;5
ágnes;5
neje;5
hosszas;5
öreg;5
jól;5
szerelem;5
viselete;5
éreztem;5
önök;5
észre;5
hideg;5
nemde;5
szót;5
uraim;5
mult;5
később;5
nejének;5
viseletében;5
szerencsétlen;5
hátha;5
nőnek;5
komolyan;5
kezemet;5
beszélj;5
melyen;5
esett;5
picziny;5
marie;5
érdekkel;5
szólva;5
kevésbé;5
perczben;5
szemei;5
mégis;5
nézve;5
vidéken;5
tudtára;5
között;5
tenni;5
lehetséges;5
él;5
kik;5
hozzá;5
igyekezzék;5
egyéb;5
jutottam;4
kötet;4
“;4
ezen;4
érzem;4
g;4
lovai;4
fájdalmas;4
utaztam;4
kerül;4
jutott;4
melyben;4
mosoly;4
halld;4
okát;4
kellemetlen;4
emberek;4
sohajtva;4
hóig;4
ismeri;4
figyelmét;4
ideig;4
meglehet;4
beszélyei;4
ereje;4
kiálta;4
lelkemre;4
értésemre;4
rendesen;4
nőd;4
előtted;4
üres;4
project;4
nyugodt;4
férfi;4
egyegy;4
mondd;4
találni;4
gutenberg;4
neked;4
kiknek;4
mennyit;4
világ;4
kötelesség;4
őszinte;4
mindaddig;4
forrón;4
teszi;4
valamely;4
elragadó;4
szavakat;4
bármily;4
köszönöm;4
láttára;4
mitsem;4
elé;4
utoljára;4
legfölebb;4
elő;4
korán;4
számára;4
amint;4
annyit;4
tova;4
zápor;4
találkozás;4
tisztességes;4
utazás;4
társaság;4
tessék;4
eszközölt;4
iszonyu;4
ajtót;4
beszél;4
oda;4
le;4
azelőtt;4
szemeim;4
vevé;4
kéz;4
utolsó;4
egyik;4
hangot;4
barátja;4
léptekkel;4
boldogtalanná;4
előttünk;4
légy;4
ajtaja;4
őket;4
azok;4
ellene;4
akartam;4
lehetett;4
gyöngéden;4
érzékeny;4
egyedül;4
gyönyör;4
szünet;4
mennyi;4
mondom;4
némileg;4
nyájas;4
kivel;4
tért;4
ezzel;4
you;4
annak;4
hol;4
okom;4
sötét;4
nővel;4
többször;4
okot;4
kocsmárosné;4
többet;4
ennek;4
benne;4
keresni;4
méltó;4
hiszen;4
azzal;4
érdeket;4
bókokat;4
minthogy;4
pinczér;4
kedvese;4
kocsisomnak;4
engemet;4
arcza;4
arczán;4
nézt;4
tudtomra;4
valódi;4
lányka;4
ezután;4
férjet;4
nyiltan;4
fényes;4
adja;4
kész;4
miket;4
valahányszor;4
viszonyok;4
sok;4
sor;4
órát;4
mondanom;4
sziv;4
hirtelen;4
önre;4
került;4
erőm;4
öntől;4
közől;4
máskép;4
körülmény;4
lépett;4
másodszor;4
emlékszem;3
távozik;3
halad;3
bárcsak;3
fakadt;3
minek;3
kötelességek;3
megengedi;3
természet;3
folyamodványt;3
hosszu;3
szavaimra;3
szándékosan;3
eszélyes;3
válaszolt;3
fiatalkori;3
jövök;3
órával;3
haza;3
fölvert;3
dolgokat;3
szereti;3
mivel;3
évvel;3
eszébe;3
mosolygott;3
érez;3
mert…;3
nagyon;3
tenném;3
beleegyezni;3
gyorsan;3
találkozánk;3
tett;3
gondolat;3
keltett;3
általa;3
jelenet;3
birt;3
addig;3
kétségbevonhatlan;3
sohajtozni;3
antalnak;3
mért;3
fekszik;3
gyönyöreit;3
perczet;3
kétszeresen;3
magának;3
szerető;3
perczig;3
női;3
agnes;3
történet;3
veled;3
valót;3
arról;3
esik;3
fenn;3
szüksége;3
felé;3
találok;3
finom;3
kiáltá;3
nevében;3
ifju;3
odahagyám;3
ágnest;3
mást;3
férjének;3
bájos;3
felindulás;3
vig;3
borzasztó;3
alkalmával;3
gőzös;3
magamnak;3
megállt;3
képet;3
tartom;3
szerencsém;3
szavak;3
nevezi;3
különös;3
hatást;3
igaz;3
örökös;3
ellenállhatlan;3
azután;3
hallani;3
eltelte;3
lehetlenné;3
álló;3
szavakra;3
féltékeny;3
rút;3
megragadva;3
mosollyal;3
szükséges;3
komoly;3
nejét;3
megérkezett;3
parancsol;3
szóval;3
végtelen;3
alól;3
kalandocska;3
nyugalom;3
érettem;3
ad;3
vetélytársam;3
arczomat;3
by;3
időben;3
kedveért;3
mosolyogva;3
bámulhatni;3
ej;3
eredményt;3
ekkor;3
ii;3
it;3
akaratom;3
szükség;3
szerelmi;3
benyomás;3
ok;3
sohajok;3
erélyt;3
kép;3
kér;3
szivem;3
this;3
egyet;3
valóban;3
fogadott;3
sajátságos;3
fölösleges;3
utat;3
szeretni;3
érdemes;3
készen;3
mindkét;3
maradjon;3
hagyjuk;3
sohajtott;3
távol;3
bántott;3
kivánt;3
jobban;3
legyek;3
szerelemnek;3
világon;3
karjaim;3
igyekszik;3
szeretetreméltó;3
modort;3
beszélt;3
pillanatnyi;3
pezsgős;3
megszólalt;3
maradni;3
költői;3
győződve;3
ragadtatva;3
attól;3
lép;3
kevés;3
magamra;3
találhatni;3
tanusitott;3
tovatünt;3
fővárosba;3
helyeken;3
kivánom;3
kivánok;3
távozám;3
állott;3
lépés;3
vágyak;3
hűség;3
szenvedő;3
irja;3
hallja;3
bánom;3
sokára;3
léptem;3
sietve;3
ajtó;3
utitársaim;3
soká;3
indult;3
kezei;3
honn;3
játszi;3
látom;3
kezdé;3
sincs;3
bánat;3
erővel;3
megcsalt;3
czélja;3
saját;3
kevesebb;3
kiálték;3
birja;3
mindannyiszor;3
adván;3
fontos;3
össze;3
visszatérni;3
elkövetett;3
szándékomat;3
örömest;3
bárkai;3
tréfa;3
magában;3
szenvedélyesen;3
érdekes;3
mód;3
végső;3
gyermekem;3
megszünt;3
fokra;3
hajnal;3
éjt;3
engedé;3
engedni;3
szerelmes;3
kaland;3
gyermekkori;3
véletlenül;3
tegyek;3
izgatott;3
ért;3
leányka;3
igaztalan;3
kelle;3
ama;3
bármely;3
vallanom;3
pillanatra;3
arczát;3
feltünőleg;3
lettem;3
barátját;3
legelső;3
köszönet;3
engedett;3
pezsgő;3
kiváncsiság;3
valamint;3
mindjárt;3
hűtlen;3
vége;3
nézze;3
veszi;3
eszembe;3
levének;3
tagadni;3
vonásai;3
jobb;3
éj;3
esküdjék;3
nyilatkozni;3
rögtöni;3
bir;3
tudta;3
bocsánatot;3
vágy;3
szerencsétlenség;3
magamban;3
vált;3
hibája;3
túlszigorú;3
negyed;3
senkinek;3
pillanat;3
bátorságot;3
némán;3
tetszik;3
szó;3
kétségbeejtő;3
kijelölt;3
szomoru;3
érkezett;3
fogadá;3
kezdének;2
viszont;2
megbocsátható;2
lakott;2
szivesen;2
szavamat;2
kiváncsi;2
tarczali;2
szólék;2
nőtt;2
jöttem;2
társaságában;2
i;2
gondolatra;2
akart;2
magukat;2
hála;2
 ;2
tiz;2
hallgasson;2
sand;2
tekintetét;2
legnagyobb;2
sikerült;2
szerencsétlenek;2
tevék;2
áron;2
kényelmetlen;2
látszék;2
rosz;2
értekezhetni;2
meggyőződtem;2
elválásba;2
vétket;2
illettem;2
lesz;2
nőben;2
gondolatot;2
vizes;2
látogatója;2
miután;2
hogyan;2
kreiner;2
józan;2
sirva;2
esetre;2
érénk;2
szinte;2
beleegyezik;2
pusztai;2
helyzetét;2
hozott;2
napra;2
férjjel;2
ellenkező;2
mellettünk;2
igénybe;2
szavakban;2
kalandorok;2
emberrel;2
kiván;2
gondolattal;2
fölismerém;2
lefesteni;2
okozá;2
illetőleg;2
napokban;2
***;2
szavaimat;2
érdekeltségét;2
hét;2
szivében;2
futott;2
parancsolja;2
rokonszenvet;2
házamat;2
vezetett;2
képzelt;2
becsukta;2
irányomban;2
tele;2
hallanom;2
hiszi;2
buzgó;2
melyekkel;2
mosolyai;2
kivételt;2
de…;2
kocsijára;2
távolabb;2
ajkaimba;2
házasság;2
szeszélynek;2
fürdőkön;2
harmadik;2
kocsin;2
kocsis;2
hölgy;2
senki;2
mondhatnám;2
illatos;2
házban;2
mihelyest;2
kedve;2
aláirta;2
igazságát;2
ideje;2
viseletével;2
gyermek;2
states;2
irigyeltem;2
mulatság;2
szemrehányásokkal;2
szerencsétlenségemre;2
mire;2
bizonyitvány;2
vidéki;2
leirjam;2
felkiáltást;2
vigsága;2
fölséges;2
emlékeivel;2
többé…;2
jótevő;2
vonásain;2
holnap;2
kétségbeestem;2
oldala;2
use;2
ebbe;2
tartottam;2
érdekesebb;2
felelé;2
tudomására;2
vihar;2
felelt;2
egyszerü;2
kezdék;2
látszólag;2
használt;2
bárki;2
szigorú;2
saison;2
felele;2
nők;2
kedvessé;2
fogva;2
helyet;2
helyen;2
mindvégig;2
véletlen;2
ittunk;2
vártam;2
oldalán;2
érzé;2
fogsz;2
vette;2
jegyet;2
titkolni;2
legkitünőbb;2
találna;2
szigoru;2
merőn;2
udvariassággal;2
rejlik;2
csillagai;2
ügyvédnek;2
föld;2
előtte;2
szavaknál;2
engedém;2
támadt;2
lassú;2
istenért;2
lakik;2
ajkait;2
ajkain;2
tegye;2
kötelessége;2
sétánkat;2
hangjok;2
alaptalan;2
boldogságom;2
gyermekét;2
berki;2
kaczajra;2
történik;2
fölismertem;2
esetlegesen;2
elől;2
hiuság;2
kiejté;2
borravalót;2
végkép;2
gyakori;2
ijesztő;2
látszottak;2
véleménye;2
csináljon;2
könyvet;2
mozgó;2
szerencsére;2
köszöntés;2
csakhogy;2
földön;2
nagysádat;2
gyakorlat;2
hittem;2
várnak;2
gondolataim;2
kellene;2
gondolatait;2
mellé;2
szerencsét;2
tárgyban;2
talál;2
modorával;2
rejtélyeskedésnek;2
reményről;2
iménti;2
hatása;2
könnyü;2
bizonyságát;2
gyalog;2
érdekeltséggel;2
öné;2
kellett;2
mégsem;2
lássa;2
ujat;2
szórakozottságot;2
bolond;2
szerelmét;2
reggeli;2
remény;2
kedvesünk;2
arczczal;2
régi;2
örömmel;2
sejtelmeit;2
inasnak;2
meglepetés;2
erő;2
külseje;2
meglep;2
hosszan;2
eső;2
átélvezni;2
székely;2
legszebb;2
tűnik;2
hihetőleg;2
szeszély;2
szótlanul;2
nőmhez;2
szükségem;2
igyunk;2
szenvedek;2
érzelem;2
kényelmes;2
sugá;2
apró;2
föllázitott;2
követhettük;2
parancsot;2
miközben;2
kétségbevonni;2
ebben;2
ritkán;2
ritkák;2
követni;2
lábai;2
férjét;2
megjelentem;2
kikérjem;2
divatosan;2
szeretőm;2
izgatottság;2
bocsásson;2
egyenlő;2
elrobogott;2
látszának;2
at;2
nyugodalmát;2
fehér;2
kerülni;2
fővárosban;2
enyém;2
tüzes;2
családi;2
csupán;2
szerelemről;2
azoknak;2
g…;2
fogadja;2
nevet;2
szemnek;2
kezdtem;2
bizalom;2
mikép;2
kopogás;2
végnélkül;2
im;2
in;2
életben;2
részemről;2
imént;2
sejtem;2
homok;2
veti;2
vett;2
gúnyos;2
nyarán;2
puha;2
kifogást;2
hó;2
észrevevé;2
ma;2
lenni…;2
született;2
levél;2
gyermeke;2
fordult;2
ni;2
no;2
veté;2
körében;2
or;2
játszott;2
szemeit;2
megjegyzéssel;2
kényszeritheti;2
hű;2
gyanuját;2
benyomást;2
hallgatni;2
roszul;2
megtenni;2
hangja;2
szerencsémre;2
mutatja;2
védenczek;2
lehetne;2
keringővel;2
egyéniségnek;2
türelmetlenkedve;2
szokás;2
lépve;2
lassankint;2
természetes;2
nemem;2
haladtunk;2
zajt;2
legtöbb;2
felelet;2
magad;2
ur;2
hegy;2
szives;2
folytattuk;2
sírt;2
közellétét;2
szól;2
szavainak;2
haladó;2
megszűnt;2
bün;2
baráti;2
dalt;2
gyötrő;2
tár;2
istenemre;2
lehetek;2
pajtás;2
üdvözletemet;2
türelmes;2
dörmögő;2
located;2
melyeknek;2
perczczel;2
helyzetben;2
mielőtt;2
ellenkezőleg;2
szerettetni;2
lépteimet;2
megszökött;2
büntetésül;2
korábban;2
perczeket;2
könyek;2
érzés;2
érzék;2
szeszélyének;2
őrült;2
csaknem;2
barátságosabbak;2
lelke;2
fakadtak;2
sohajtám;2
emlékei;2
látszik;2
kivált;2
indulok;2
müller;2
önkéntesen;2
menti;2
nőül;2
with;2
bírok;2
történteket;2
utlevél;2
elébe;2
találkozásra;2
pezsgőt;2
boldogságát;2
helyesen;2
bűnös;2
élvezhetni;2
meglepetést;2
férjboszu;2
meglepetési;2
sejtelmeket;2
birom;2
látszat;2
bennem;2
ezért;2
szobájába;2
arczával;2
boldogság;2
kiszámitott;2
család;2
aggodalmakra;2
dolgozó;2
kivánja;2
boldogságtól;2
ébresztett;2
sebes;2
hat;2
tartóztathaték;2
indulat;2
évig;2
mondok;2
megbocsátok;2
úrnál;2
levelet;2
miknek;2
pest;2
játékot;2
lövés;2
kellemetes;2
élénkebb;2
tapasztalni;2
elhatárzám;2
veszem;2
nyári;2
egymással;2
szerint;2
részvétet;2
embernek;2
hja;2
következett;2
kérek;2
magamon;2
akarja;2
rendkivül;2
térj;2
örömei;2
megválni;2
fiam;2
gondolkozott;2
közelébe;2
folytasd;2
köszönheti;2
szenvedett;2
velök;2
nyilt;2
szinészek;2
tulajdon;2
hágott;2
ingerültség;2
remegni;2
istennek;2
változtatott;2
gyöngéd;2
találám;2
nézetek;2
elindulánk;2
telik;2
okos;2
kezdi;2
ügyesen;2
történetet;2
kezet;2
uralkodik;2
örvendek;2
látni;2
ritka;2
másnap;2
látna;2
tanácsodat;2
hallgass;2
tart;2
szeretője;2
milyet;2
üveg;2
vettem;2
kényszerítlek;2
hova;2
álmaink;2
olvasóimat;2
mindegy;2
utána;2
érezte;2
mindkettő;2
boszu;2
jobbra;2
fülembe;2
beszéljünk;2
tudtam;2
egyike;2
éjszakát;2
ohajtottam;2
változott;2
elhatározását;2
kérdés;2
szeszélyes;2
megenged;2
azokat;2
kedélyt;2
közönyös;2
érdekel;2
kellemes;2
tiltott;2
udvariasság;2
meglepetésemet;2
pestre;2
nevezhető;2
kiknél;2
vonzalom;2
leplezett;2
körül;2
tette;2
franczia;2
kocsisának;2
megkisértém;2
törvény;2
mindinkább;2
természetesen;2
kitalálni;2
vén;2
arczkép;2
távozott;2
egyszerre;2
ujonan;2
gyönge;2
képzelhetni;2
férfiak;2
megfordult;2
utazik;2
szentségére;2
gondolkodom;2
néha;2
leszek;2
változás;2
négy;2
értelek;2
ettől;2
szemeimet;2
kocsisa;2
képzelheti;2
találkozni;2
lángragyult;2
polgári;2
pillanatig;2
united;2
messze;2
korszakában;2
előre;2
szomszédja;2
kocsija;2
szerelmének;2
szemekkel;2
fürdői;2
egymást;2
tanácsolj;2
csermely;2
tekinték;2
név;2
kelni;2
tőle;2
bizony;2
tekintetében;2
irányában;2
kisérlet;2
végén;2
and;2
szerelmem;2
zugó;2
pamlagra;2
bárha;2
áll;2
méltatá;2
igyekezett;2
közbe;2
valóságos;2
iránti;2
are;2
alkalommal;2
közel;2
földet;2
igyekvém;2
szoros;2
kezében;2
tudatnom;2
tünt;2
követett;2
utközben;2
odahagyá;2
engedjék;2
gondolám;2
georges;2
lehetlen;2
csendet;2
tekintete;2
fél;2
időn;2
időt;2
lelkében;2
értem;2
tenne;2
rájok;2
szólitám;2
könnyen;2
százszor;2
hasonló;2
határozott;2
ohajtottá;2
tudni;2
szóljon;2
keresztül;2
bennünket;2
függ;2
jut;2
onnan;2
nyomában;2
fecsegő;2
ég;2
késett;2
nevét;2
magadhoz;2
hangjában;2
megszoritva;2
higye;2
elbeszélendő;2
önkéntelen;2
ellenére;2
tudsz;2
ügyben;2
felém;2
mentem;2
ismerik;2
vala;2
adom;2
utcza;2
szekeremen;2
ismeretlennőmnek;2
tudod;2
feleljen;2
foglalkozott;2
késő;2
okozott;2
vágygyal;2
ismerek;2
gúnyolódik;2
ismered;2
poharat;2
félelem;2
gazdag;2
adta;2
ujság;2
oldalamnál;2
szemeivel;2
egykor;2
szivén;2
barátjának;2
előbb;2
várt;2
egypár;2
értésünkre;2
tartaná;2
váltót;2
ismerni;2
syrén;2
ismeretlennőmet;2
figyelemre;2
jönni;2
tárczájából;2
találkoztam;2
engedének;2
csakugyan;2
házasságban;2
tőlem;2
kijelelt;2
kellemteljes;2
érette;2
sért;2
nevezék;2
egyebet;2
tudat;2
séta;2
tartó;2
mással;1
jutottak;1
jövék;1
megtörtént;1
reményeimnek;1
villámgyorsasággal;1
szóltam;1
mozgás;1
kibékülni;1
erdőkkel;1
másik;1
székbe;1
pásztoróra;1
bajusszal;1
elmélyedve;1
viszony;1
jéghegyei;1
titkokat;1
nehéz;1
rántám;1
jövetele;1
sükerülne;1
előmutatandja;1
napokig;1
kisérném;1
átadja;1
jöttek;1
hallható;1
elvek;1
öntudatát;1
érzek;1
maradék;1
pitvarban;1
kötelességei;1
legkevésbé;1
igéretét;1
hasonlatokat;1
záport;1
hatni;1
váljon;1
nyugodtabbnak;1
tulajdonosára;1
gyilkosa;1
jelenetet;1
gyöngédséget;1
közelökbe;1
mozdulatát;1
szerelmivallomás;1
kocsinak;1
emlékezhetel;1
tulajdonokkal;1
jönnék;1
játszani;1
gyanitó;1
hősömet;1
érdekelt;1
követhetem;1
parancsolá;1
telepedett;1
tekintélyes;1
műutazás;1
hazája;1
kérlek;1
nagyváradra;1
kitisztítani;1
check;1
kivívja;1
állásuknak;1
sejteté;1
kétségbeejtene;1
maradhassak;1
megboszultam;1
engedtem;1
szerelemből;1
főjegyző;1
hossza;1
mosolyogjon;1
kétszer;1
kedvesével;1
fogékony;1
összeköttetésben;1
készitett;1
másfél;1
ötvenes;1
ötvenen;1
szépeknek;1
hallottam;1
kisebb;1
eszközökkel;1
rögtön;1
váradon;1
keresztúrra;1
biztosíthatom;1
teszem;1
odapillanték;1
becsületemre;1
bizalomra;1
szegezve;1
számitni;1
gondjai;1
melegsége;1
jogosítja;1
játsziságból;1
nyilatkozott;1
mosolyodjam;1
bámulok;1
legélvezhetőbb;1
kocsiját;1
tevéd;1
unalomtóli;1
kifejezem;1
sorába;1
tevél;1
fájdalmai;1
tevém;1
terézre;1
megérkezte;1
nagyváradi;1
leghűbbikéhez;1
pogácsánk;1
tekintetemet;1
egyetértésben;1
csekélységet;1
kisasszonynak;1
érkezénk;1
belőlről;1
valamit;1
kezeibe;1
őszinteséggel;1
várakozóterme;1
férjével;1
válási;1
lehunytam;1
másoldalról;1
kimondani;1
kisérjem;1
segitém;1
mellékszoba;1
távozom;1
ezeket;1
folytonosan;1
kérdeznem;1
imádottjának;1
reszkető;1
válaszolá;1
inogni;1
have;1
atyám;1
mindhárman;1
számomra;1
kivánatának;1
ismerős;1
lelket;1
lelkem;1
elfoglalva;1
hiúsága;1
fájdalmat;1
tanácsosabb;1
pisztolyt;1
osztályrészül;1
távozni;1
közfigyelem;1
szülőink;1
birandom;1
nagyváradot;1
nőtől;1
udvariatlanságot;1
rendellenességek;1
huszonegy;1
olvasót;1
napokon;1
pír;1
ágyat;1
sejteni;1
ragadt;1
farsangon;1
feltünőnek;1
semmisitve;1
ásitottam;1
valójában;1
közöttünk;1
kezdődik;1
számtalanszor;1
elrejtett;1
porban;1
eltűnt;1
válasz;1
nagyváradig;1
szellemtelen;1
gondolatok;1
bájaival;1
őrködött;1
kisértettük;1
szivárvány;1
szoritott;1
gondolatom;1
ismeretére;1
csalódtam;1
eszély;1
megtudandod;1
bábozó;1
oldalánál;1
tevé…;1
kimaradásaim;1
hangját…;1
vigságot;1
üljünk;1
válaszola;1
ágneséknél;1
kifejezésével;1
feszessé;1
férfiunak;1
elpanaszlám;1
ragadott;1
melytől;1
semmit;1
csalfa;1
habzó;1
csalatkoztál;1
saisonnak;1
hazájába;1
leestek;1
mindenütt;1
ragadék;1
együttlétig;1
hatalom;1
kedély;1
kiséretében;1
nemzetbelie;1
tud;1
csattanni;1
keresztűl;1
kellemetlenebb;1
irányzá;1
izlésének;1
szerelmemről;1
folyamodvány;1
lassítám;1
ilyesmi;1
legényi;1
melyektől;1
fogyatékán;1
viseletén;1
idejőve;1
sohajaimban;1
arczára;1
kellemesebbek;1
hallgatnom;1
ház;1
lovunk;1
eszmém;1
örvényéhez;1
óráját;1
„nem;1
gazdájok;1
szerelemre;1
szenvedélyünk;1
leánya;1
sincsenek;1
születik;1
viseletét;1
őrültnek;1
kérdést;1
lépését;1
előrevigyázat;1
egyremásra;1
botránytól;1
érzésről;1
nyomorult;1
teremben;1
eskükkel;1
fájdalmasokká;1
megmásithatlan;1
erőtetve;1
negyedig;1
házi;1
önből;1
kétkedtem;1
esős;1
kopárságot;1
léget;1
kezdete;1
nyujtanak;1
képest;1
remekei;1
önökkel;1
családnak;1
jóságos;1
késedelmezhettünk;1
alaknak;1
hegyi;1
önért;1
tüzesen;1
tüzesek;1
viszonlátni;1
tisztulni;1
sugárai;1
szűnik;1
válaszolni;1
lappang;1
fölkeresém;1
alárendelik;1
nevelte;1
legboldogabbikának;1
fölperzselék;1
legyőzék;1
túlvitt;1
gyászos;1
személyesen;1
karjai;1
ragadtatám;1
szineskedésnek;1
részletnek;1
parancsolta;1
ujonérkezett;1
nejében;1
nézeteken;1
türelmetlenség;1
gyakran;1
metastasio;1
vajjon;1
szekeren;1
megszeressen;1
nejétől;1
elrabolta;1
őszinteség;1
page;1
kevésbbé;1
fiammal;1
away;1
vidék;1
lépésnél;1
gáncsolni;1
borulva;1
rendelkezése;1
érzelmedet;1
engesztelhetlen;1
menék;1
kértem;1
világát;1
bármennyi;1
mondóm;1
kétségbe;1
szinéből;1
levő;1
start;1
parancsokról;1
aligha;1
édesebbek;1
nyájasnak;1
nógatást;1
sürgős;1
szeretett;1
ismeretlennőmhez;1
sükertelenül;1
tegnap;1
alakját;1
csevegőbbekké;1
szántam;1
koromat;1
fölkértem;1
képzeld;1
golyót;1
beszélék;1
féltékenyek;1
fontosságát;1
ujabb;1
mindnyájunknál;1
felfedezni;1
nejére;1
merüljenek;1
őrültszerü;1
adják;1
messzire;1
leghódolóbb;1
párnappal;1
jutalmul;1
tudhatja;1
tornyosulni;1
kezdeni;1
hálát;1
diadalom;1
kalitkájában;1
fogunk;1
nevezzen;1
érzelmeiből;1
bánatos;1
nagyvilágból;1
következést;1
visszásoknak;1
künn;1
tájékokon;1
megvizsgálhatja;1
végighallgatám;1
várakoztatni;1
csábitani;1
komolysággal;1
rózsa;1
szivből;1
szemérmetlensége;1
éjjel;1
vétkesnek;1
leküzdeni;1
alkonya;1
alapos;1
éjjet;1
fölemlitének;1
közeledni;1
változtathatja;1
bűnt;1
harapott;1
ittasult;1
bűne;1
idejét;1
barátságban;1
tagjaihoz;1
szemének;1
folytatott;1
öntudatomat;1
kivántam;1
átkozám;1
hír;1
távozása;1
jártasságáról;1
italia;1
érinteni;1
kiegészitő;1
embernél;1
értésedre;1
régóta;1
gondolataimat;1
következtetéseimet;1
emberem;1
unatkozom;1
mindenkit;1
gúnyt;1
dinomdánom;1
igényeltetik;1
legparányibb;1
székemet;1
ismeretlennő;1
falán;1
tízszeres;1
nagyot;1
elémbe;1
győzött;1
kalandornő;1
csend;1
kézirat;1
kellemetesebben;1
vidornak;1
futá;1
pillantá;1
halványult;1
elárasztani;1
kezdődött;1
leendek;1
félöles;1
töprenkedik;1
szemeiben;1
vállainkra;1
halat;1
szégyen;1
mije;1
merte;1
párbeszédet;1
estelizénk;1
kimélőleg;1
rágalmazható;1
elfoglalja;1
alapja;1
átöleltem;1
mondanak;1
elvesztik;1
irtózik;1
„a;1
ajánlott;1
legjobb;1
állhatom;1
hunytuk;1
megindult;1
leginkább;1
valahára;1
használjak;1
széles;1
lehető;1
tudatni;1
gyönyörködhessem;1
vasutnak;1
haragosan;1
délutánján;1
útat;1
álljon;1
szenvedéllyé;1
siettem;1
találand;1
panaszolja;1
elmélyedt;1
intézkedtem;1
palaczkokhoz;1
vőn;1
esetében;1
szőke;1
közönynyel;1
szándékozik;1
futó;1
kellemetlenségétől;1
káromkodott;1
elcsábittatni;1
bizonyitványokkal;1
tárgyon;1
magyarázgatások;1
kisérteni;1
fölállt;1
becsületére;1
tartóztathatom;1
villogott;1
önhez;1
magamhoz;1
cselekedett;1
meredt;1
szeretőjét;1
fedeztessem;1
mindegyikében;1
duzzogó;1
„sárkány“;1
találjak;1
harmadszor;1
hirre;1
kizsákmányolni;1
kivezetett;1
percze;1
közeledtemre;1
sohajokkal;1
megbotránkozva;1
under;1
szándékkal;1
abból;1
közelebb;1
hozzáférhetők;1
felhasználatlanul;1
bevégzé;1
sokba;1
lennének;1
által…;1
boldogságot;1
kiállhatlanná;1
tulajdont;1
áldozzon;1
„életünket;1
udvaron;1
bohóságok;1
kifogásom;1
tápszerre;1
elővigyázatnak;1
növekedő;1
kérdezősködém;1
igyekeztem;1
tervezők;1
fogad;1
ejtett;1
tekintetének;1
igénytelen;1
megszokás;1
készítsenek;1
földről;1
mézétől;1
gondoltam;1
térjünk;1
lépőt;1
title;1
kifejtve;1
társaságban;1
nagyszámu;1
megmondani;1
követünk;1
barátságot;1
határzott;1
egymástól;1
végéből;1
léleknek;1
szükséglénk;1
meglepetésem;1
jogtalan;1
foglalám;1
gyorsasággal;1
barátságos;1
halmozá;1
„ő;1
szánlak;1
borzadályok;1
nálam;1
koczintottunk;1
kétkedik;1
dobog;1
irót;1
könnyebben;1
becsületem;1
töré;1
utczájában;1
pokolsötét;1
emlékeit;1
szerelemtől;1
nevetséges;1
gyermekedre;1
dobja;1
határozottsággal;1
fecsegjünk;1
kiváncsiságra;1
hízelgő;1
lábainak;1
gondolni;1
bőbeszédü;1
made;1
használom;1
vélsz;1
szerelemben;1
ugyis;1
odahagyók;1
rogyott;1
megvan;1
ihlettséget;1
másért;1
hajts;1
magunk;1
párbeszéd;1
tartozunk;1
szerényen;1
vágyaim;1
felettem;1
sohajtozol;1
csókokkal;1
házimulatság;1
hablábak;1
igazak;1
elvesziteni;1
külsejében;1
elősorolt;1
igazat;1
képzelet;1
mai;1
figyelmeztetését;1
hajtott;1
biztosabb;1
bőbeszédű;1
ujságok;1
képzelem;1
asszonyok;1
utazásnak;1
átlátta;1
emésztőbb;1
legfőbb;1
szerelmesekkel;1
többiek;1
töltöttem;1
may;1
ura;1
fölismerhetlenné;1
tulajdona;1
egyszerű;1
remegés;1
füred;1
nagyságának;1
bántja;1
légyottra;1
rémségek;1
szándékozom;1
titkoljam;1
szándékozol;1
sirját;1
jegyzé;1
indulatnak;1
szenvedni;1
susogta;1
ennél;1
elmossa;1
védtelenségemmel;1
szőni;1
gondolkoztam;1
hallék;1
bűvszerüvé;1
továbbra;1
társalgást;1
kisded;1
visszaléphettem;1
gondolja;1
utf;1
kivülök;1
bizonyitványokat;1
zár;1
írót;1
uti;1
üdvözletét;1
pillanattal;1
lángjáról;1
játéknál;1
idegeimen;1
sebesebbé;1
előpataki;1
haladhatánk;1
tagadják;1
akaratomat;1
kiosztott;1
vidám;1
lódobogás;1
gyertyát;1
barátomnak;1
mindezek;1
megbecsülhetlen;1
included;1
hideggé;1
idejök;1
ássa;1
megnyugtaták;1
köpenyét;1
feltalálni;1
eset;1
átalakulása…;1
falvak;1
napot;1
rendeletek;1
nyert;1
tevő;1
vácziutczában;1
tudnánk;1
mondhatja;1
felfrisülni;1
megtisztelve;1
birtokába;1
felszerelt;1
szavalni;1
character;1
szemeinket;1
titokszerüsége;1
ügyem;1
szemöldjeivel;1
útra;1
nehezedtek;1
váljak;1
utitársnőm;1
kellő;1
váljam;1
viseletemet;1
alkalmat;1
alkalmas;1
szerezni;1
tetszettek;1
egyenest;1
kigyó;1
értésökre;1
üdvezülhettem;1
regél;1
legjobban;1
pohárral;1
nemcsak;1
helyek;1
irigykedni;1
mondand;1
hallhatom;1
mondana;1
min;1
kitüntetésre;1
ellentét;1
alkalmaknál;1
hivtelen;1
üvegfuvola;1
hidvég;1
ügyességünket;1
sebzett;1
ragadtattam;1
kivánsága;1
elzárni;1
rendkivüliségeért;1
részt;1
továbbmenetel;1
bájt;1
úton;1
üdvességéről;1
vágtam;1
sajátszerű;1
untalan;1
perczek;1
találja;1
része;1
ejté;1
átokban;1
változol;1
kirivó;1
tápot;1
ábrázolja;1
utitársam;1
szerfelett;1
elpalástolni;1
miatta;1
elválásra;1
tanusithatunk;1
csellel;1
tartózkodásom;1
ágnesnek;1
így;1
töltenünk;1
fiamra;1
hallád;1
szakálu;1
tekintetével;1
lépésről;1
hallám;1
átkozódott;1
egyetértést;1
vendéglőkön;1
szolnoktól;1
mindenkinek;1
jegygyel;1
jöheték;1
rámnézve;1
mérges;1
hatolt;1
fölébresztettél;1
újonjött;1
tarczaliné;1
badarságaimon;1
pajzán;1
sovárgó;1
együttlétre;1
megszokott;1
füleinkbe;1
találom;1
palaczkok;1
urának;1
jellemzőbb;1
darabban;1
égettőbbek;1
bánt;1
manó;1
inté;1
érző;1
viszálynak;1
vétek;1
mellékajtón;1
kiállhatlanabbá;1
tisztelt;1
elbájolt;1
lépéseket;1
anélkül;1
nevess;1
györgy;1
téged;1
munkássággal;1
férji;1
jóltevően;1
hallhatja;1
találná;1
elfogadhatónak;1
részén;1
keresgélve;1
elszakitom;1
kiterjedésű;1
kérdezősködöl;1
társaságát;1
kaczérkodhatni;1
részét;1
okosabb;1
találkozásaink;1
vak;1
ismertem;1
földeríteni;1
összegről;1
zsibbasztóbb;1
feláldozá;1
felfogni;1
szemsugarai;1
jogom;1
lehete;1
étvágyunk;1
valószinűséggel;1
ismerted;1
boldoggá;1
megkétszerezi;1
books;1
ismeretségünknek;1
eszközöljön;1
állása;1
szemlét;1
inditványt;1
rábeszélő;1
engedék;1
fellegek;1
negyven;1
vontatva;1
suhant;1
ügyesebb;1
falusi;1
felhagyott;1
találsz;1
megbotránkozni;1
megosztás;1
arczkifejezése;1
összefüggésben;1
dolgok;1
dolgon;1
mása;1
kegyetlenül;1
állásu;1
tárgyról;1
lépcsőzetén;1
izgalmát;1
tartalom;1
szólj;1
ákos;1
értelemben;1
éber;1
hátraveté;1
munkásságával;1
unalomtól;1
ennyire;1
lángját…;1
szólt;1
czéljaim;1
történni;1
szakitá;1
magokba;1
önkéntelenűl;1
csermelymoraj;1
szakács;1
sajátképen;1
megpillanthatni;1
nekik;1
utórezgését;1
öltönyének;1
harapnom;1
toilettejökkel;1
csillog;1
örökösen;1
lelkökre;1
rád;1
szerezte;1
átvirasztók;1
kifejezze;1
kilétem;1
vontatott;1
örültem;1
szivben;1
vesztette;1
ismert;1
ajkába;1
határon;1
elűzik;1
külsejét;1
magadnak;1
sugárzó;1
ismeré;1
kielégite;1
vigadó;1
csengő;1
sürű;1
joguk;1
másodpercznyi;1
elégségesnek;1
izlést;1
feltartóztatja;1
visszaél;1
reményem;1
érzelmekről;1
élvezők;1
meggyőzni;1
kegyetlen;1
komorság;1
embereket;1
ügyességgel;1
cselekvéd;1
legszerencsésebbnek;1
bizalmát;1
fütyörészni;1
szeretetét;1
elragadt;1
emberhez;1
„ständchenét“;1
barátságossá;1
megszántam;1
felelhetett;1
küzködni;1
szivemben;1
megjegyzem;1
fedeztem;1
állva;1
föltalálni;1
bucsúnk;1
átka;1
viz;1
szinházaknak;1
nagysáddal;1
google;1
heine;1
asszonyi;1
hóditás;1
megszűnni;1
képei;1
közös;1
kárhoztatandónak;1
helyéről;1
kötelességeimről;1
helyzett;1
nevetkérezett;1
csillagok;1
epekedésben;1
érkezőnek;1
teljesítettem;1
csengetyűszó;1
köztiszteletben;1
fulánkjaikat;1
viselettel;1
meghajolva;1
távoztam;1
lesegíteni;1
ismeretlennőmtől;1
beérhessem;1
becsületszavára;1
átláthatod;1
hangosabbá;1
kiüríteni;1
daloltunk;1
tekintet;1
igérem;1
szabaduljak;1
kalmárnak;1
esze;1
megbűvölt;1
várják;1
igérje;1
tartsa;1
szobát;1
tündérei;1
segélyedet;1
bókoltam;1
figyelmeztető;1
létező;1
csapszékében;1
annálinkább;1
hatalmamba;1
kikelve;1
egyiket;1
peregtek;1
foglalkodtatják;1
szivéhez;1
keblemben;1
tudnak;1
percznyi;1
estvéjén;1
tetszék;1
encoding;1
szerződésünket;1
fogadtatáson;1
valakit;1
rejtély;1
patvarba;1
írígylendőnek;1
szenvedéllyel;1
kocsmárosnőre;1
házkörével;1
szüneteket;1
utazók;1
elfeledteté;1
leveté;1
türelmetlenkedők;1
bizalmasság;1
csoportalakulások;1
történetünkben;1
sejtelem;1
tapintata;1
vitatkozást;1
szemök;1
gondoljon;1
egykét;1
türhetlen;1
gondol;1
mindennek;1
mulatságossá;1
éjjelre;1
órakor;1
jelentkezni;1
tartok;1
elértük;1
bemutaták;1
ismertetni;1
release;1
ismertetne;1
gyaníttatá;1
bemutatás;1
házába;1
elveszett;1
boszumat;1
eléggé;1
hitvesét;1
meglepett;1
szerencsés;1
kocsisomat;1
bírjon;1
szerénykedett;1
ünnepélyesen;1
szavai;1
mennyország;1
komor;1
gyermeteg;1
tudhatják;1
levélben;1
meghivásnak;1
kiderült;1
szokásaimat;1
előzékenységgel;1
konyhájokból;1
engedékeny;1
nevezze;1
fogytak;1
előitélet;1
elragadni;1
megfogja;1
lábaimhoz;1
pezsgőben;1
hosszúnak;1
mindenesetre;1
talált;1
melancholikussá;1
álmam;1
ismerőit;1
kérnem;1
elegans;1
szilárd;1
megfosztott;1
frakku;1
nem…;1
győztem;1
remélek;1
estem;1
hozzon;1
mikorra;1
ismeretségünk;1
megkülönböztetni;1
remélem;1
jelenjék;1
tudnod;1
ügyeim;1
várhattam;1
eltünt;1
utrakeltem;1
hihetetlennek;1
roppant;1
est;1
viseletembe;1
használjuk;1
szokásos;1
megemlékezés;1
eszközöl;1
kivánják;1
virágoktól;1
roskadozó;1
követi;1
tartja;1
vesztegetnem;1
jár;1
vonatkozott;1
igenlém;1
tovatűnt;1
előnynyel;1
háromszoros;1
viszonozta;1
könyekre;1
vendégek;1
antalt;1
véget;1
féltékennyé;1
látszatnak;1
nevezé;1
erdély;1
szerettük;1
környékről;1
elbeszélnünk;1
ölelné;1
évben;1
nagyobbak;1
komolyabb;1
értelmében;1
hasadtakor;1
nőtlenkori;1
neme;1
meseszerű;1
foghatva;1
álarczoskodásnak;1
szemrehányásokat;1
mindnyájunkkal;1
szőkék;1
alakultál;1
reggele;1
igérjek;1
rendet;1
könyeit;1
beszélhettem;1
elképzelhető;1
lebbent;1
legszerencsésebbike;1
lepetve;1
rejtélyeskedés;1
köszönhetek;1
utitársunk;1
megosztja;1
agyam;1
tervezett;1
esztelen;1
szünjék;1
kineveté;1
mákonynak;1
lemondani;1
álomképek;1
óriás;1
bemutattatni;1
járt;1
tudatám;1
drágák;1
közbelépte;1
lettél;1
megfogá;1
visszariasztani;1
részére;1
estély;1
egyedüllétnél;1
követé;1
tulajdonokat;1
kisebbszerű;1
elképzelheted;1
adhat;1
utánatekinthessünk;1
tovatüntek;1
pillantásaim;1
kegyeletnek…;1
tetőt;1
ijedjenek;1
esetlegességnél;1
helyzetedben;1
vagyok…;1
véleményem;1
vétkezni;1
meggondolatlanul;1
sütém;1
ábránd;1
elálltak;1
másikat;1
gyöngeségét;1
eltalálom;1
elfogultsággal;1
fölkiáltott;1
rokon;1
jelentéktelen;1
biztos;1
együttlétünket;1
találandja;1
létezik;1
szállásomra;1
jelenlétemet;1
köztetek;1
embereitől;1
fürtök;1
erőszakolni;1
kémlelődni;1
megismerkednek;1
általam;1
öleltetni“;1
pillantott;1
koronkint;1
perrendtartás;1
előzékenyen;1
tovatűnő;1
gurult;1
megnyerte;1
aggodalmának;1
elfogulatlan;1
kalap;1
neve;1
hasonl;1
fölszárítá;1
beváltanom;1
hóditani;1
önzőnek;1
délután;1
érdektelen;1
gyönyörü;1
előidézte;1
érdekessé;1
álom;1
érzéssel;1
ismeretségben;1
meglepőt;1
játékszere;1
tréfára;1
nagyobb;1
intézkedjék;1
boldogsága;1
semminemű;1
kalapot;1
kedélyemre;1
not;1
sápadt;1
hangulatban;1
űzzön;1
képtelenné;1
fojtám;1
robogó;1
odaengedőleg;1
kinaimnak;1
fogaimat;1
gyógyulásának;1
tökéletessé;1
igért;1
megvárná;1
vendéglőknek;1
találgatja;1
elválási;1
asztalra;1
beszélendek;1
megragadtam;1
étek;1
együttlét;1
veszíteni;1
ujon;1
bátorságunkat;1
boldog…;1
tatár;1
ingerei;1
fal;1
tartósabb;1
egyenlők;1
álmos;1
gyülölet;1
megérteni;1
szabályosan;1
adák;1
give;1
meggyőzhessem;1
ilyen;1
botrány;1
ajtaját;1
szeretőt;1
teljes;1
hallgatagnak;1
szert;1
cseltől;1
zongorát;1
engedjen;1
évemmel;1
tartott;1
figyelmeztetem;1
tekintetbeni;1
fejlődött;1
benszülöttek;1
estelit;1
gyönyörű;1
hozzam;1
zephir;1
állatokat;1
megragadni;1
üdvösségem;1
jelenjenek;1
szesz;1
összefűzze;1
szedém;1
tréfált;1
átvizesített;1
lásson;1
magammal;1
ajkaikat;1
bánkódó;1
gerjesztett;1
szépségét;1
parancsoljon;1
leányát;1
ellenállani;1
legörömestebb;1
kérünk“;1
hazámtól;1
vidékén;1
csapdosott;1
sár;1
övéből;1
ösztönszerűleg;1
esetleges;1
levele;1
átalakitá;1
lennénk;1
időnél;1
tudositásokat;1
tartozott;1
magánkivül;1
elválaszthatlan;1
álomszerü;1
látnak;1
fájdalomba;1
üriték;1
tökéletesnek;1
eleget;1
biztató;1
teendőjök;1
halasztást;1
csukatnom;1
fölindulást;1
bál;1
szállodáig;1
követ;1
gerjeszteni;1
odavetődött;1
három;1
emlékének;1
helyiséggel;1
fegyvere;1
napernyőjét;1
okaim;1
szent;1
suhantak;1
produced;1
ujra;1
szólnak;1
megkapatva;1
megragadja;1
hangjának;1
titokban;1
szerezzek;1
kisértém;1
szerezzen;1
találgatta;1
meggyőződjék;1
meggyőződjél;1
futni;1
szekrény;1
legboldogabbikává;1
bizonynyal;1
torzonborz;1
pírjának;1
tündér;1
öngyilkossá;1
falucskát;1
szépségeket;1
hasonlót;1
akármely;1
értelmezi;1
növelésére;1
finomsága;1
fia;1
nyilatkozó;1
szorongással;1
tréfáltunk;1
rögtönibb;1
ránczos;1
csorog;1
fiu;1
mélyen;1
megismertem;1
elhalványult;1
közepén;1
nevezünk;1
családkint;1
harmincz;1
mosolyuk;1
szorita;1
tértem;1
égető;1
őrzé;1
mehetünk;1
házat;1
szomszédunkban;1
elfeledém;1
nőtlen;1
bókért;1
játéka;1
föltevém;1
vonakodás;1
egytagú;1
jelentékenyebb;1
emelkedett;1
föltaláltam;1
észrevenni;1
otthonos;1
gyanittatott;1
rendszabály;1
méltányosan;1
pisztolyokat;1
régibb;1
édessé;1
térni;1
hebegé;1
megkivánom;1
mellette;1
ülők;1
ajtajára;1
tapasztalatok;1
szál;1
találtuk;1
testemben;1
laktalanabb;1
merenghessek;1
nincsenek;1
jobbjával;1
kiben;1
ügyvédhez;1
áldozatot;1
jótétemény;1
arczomról;1
ahoz;1
kecsteljesek;1
párra;1
órányi;1
ohajtom;1
borszéki;1
étvágyam;1
távozandó;1
language;1
hintaját;1
gyakoriabbakká;1
gondolt;1
halljuk;1
ajándékokkal;1
fájdalma;1
böröndjét;1
kizárólag;1
tudunk;1
hazájában;1
eh;1
büntetés;1
megrázá;1
szemeiből;1
nevez;1
haboztam;1
bánkódott;1
érdekeltség;1
merült;1
hitte;1
rövidség;1
ragyogók;1
észrevehető;1
felelnem;1
tehetek;1
fa;1
erdőségbe;1
rémitgette;1
ápolt;1
költék;1
arcznak;1
beszélnem;1
átugrom;1
irántam;1
for;1
meghivást;1
felséges;1
irántai;1
beszélned;1
beszélnek;1
mindemellett;1
pokolból;1
kedélybajnak;1
peres;1
öszhangzásban;1
máskor;1
fejbillentéssel;1
balgaságainak;1
ajánlatát;1
bajban;1
ragyog;1
megtartá;1
biztositsam;1
termő;1
gyermekarcza;1
tiszteletreméltó;1
szolgálatjára;1
táskájában;1
beszéd;1
vert;1
bizonytalanságban;1
alkalma;1
helyettem;1
hallgatva;1
pásztorórát;1
képeket;1
nézeteinek;1
szíved;1
ajtón;1
borozó;1
ujdonságot;1
színe;1
előnyeit;1
balaton;1
foglalkoztak;1
szívem;1
szíves;1
if;1
becsülettel;1
helyen…;1
köszönnivalót;1
színt;1
ir;1
űz;1
bennünk;1
hazámat;1
dúlt;1
„és;1
hűtelent;1
sohajtozásra;1
modornak;1
látogatja;1
menekülni;1
égett;1
zongorához;1
tapasztalám;1
hungarian;1
találkozandunk;1
eredetije;1
rándult;1
akarám;1
mondhatlan;1
library;1
szabás;1
levék;1
titkos;1
szabadalomnál;1
titkot;1
elméletileg;1
vitatkozó;1
ismeretségekre;1
rostélyost;1
beteg;1
alakjával;1
észrevesz;1
fogadta;1
félre;1
agyban;1
mosolygó;1
csepjeit;1
kisvárosiasságát;1
megismertesselek;1
képessé;1
szerelme;1
pulykánk;1
szakadásra;1
akármiről;1
repült;1
lépéssel;1
feltárni;1
nagyságát;1
megölhetem;1
www;1
halva;1
széditő;1
kiengesztelődés;1
élethű;1
öltözete;1
author;1
utiruháinktól;1
hátralépni;1
ugyszólván;1
fogamzik;1
okozza;1
pillantásai;1
julienek;1
perczbeni;1
license;1
visszaszerezze;1
neveztem;1
elhallgatott;1
szivdobogásukat;1
dologtól;1
kivánatomban;1
mosolyra;1
elhanyagolt;1
ámulatba;1
elimádkozhassam;1
szemeik;1
viktorra;1
legyenek;1
kipirult;1
öltözött;1
ismerém;1
gúnymosoly;1
hatalmától;1
gondolkozva;1
mármár;1
vetélytársnak;1
térre;1
futólagos;1
okozhatott;1
völgy;1
néven;1
körébe;1
vörösre;1
szín;1
ragaszkodásának;1
vesztém;1
magához;1
epedés;1
szörnnyel;1
érdekelni;1
viharát;1
fogamzottak;1
köté;1
jőni;1
szörnyű;1
kéznek;1
terem;1
ujdonságomat;1
vigaszt;1
visszaélni;1
ra;1
nyikorogva;1
re;1
sugdos;1
élte;1
haladt;1
szívembe;1
jogosított;1
léptünk;1
szeretek;1
csillagoknak;1
körülvette;1
vadászatra;1
megmaradnak;1
kedélynek;1
terhe;1
lázas;1
távolságra;1
nagyságodat;1
kén;1
pillantanom;1
megjegyzé;1
ugyancsak;1
felette;1
rászedetni;1
megszegését;1
nélkülözé;1
sz;1
hátradőlve;1
merően;1
megemliteni;1
szemrehányást;1
dördült;1
tapasztalatlan;1
boszantóbbá;1
ti;1
tudám;1
to;1
nőket;1
félnek;1
hidegséggel;1
country;1
következményt;1
ajkának;1
leánykában;1
hazatérni;1
példaszó;1
válassza;1
vizsgálgatva;1
megtudni;1
ut;1
röpítette;1
visszavonult;1
divatos;1
meggyilkolta;1
szivet;1
hálámat;1
gondolkozom;1
akadályai;1
magyarázá;1
évszak;1
kérlelhetlen;1
feledkeztem;1
hírt;1
vivém;1
megszüntem;1
keresésére;1
egyes;1
legérdekesebb;1
vevő;1
elégtétel;1
vonakodott;1
ülésében;1
nyugodtságra;1
mutatni;1
elfojtott;1
lászló;1
kedélyem;1
szerezzünk;1
napról;1
hangos;1
kezeimről;1
közlekedést;1
ebből;1
állapotba;1
változásért;1
beszéljenek;1
org;1
megpillantva;1
megvesztegetni;1
repülő;1
körülményeik;1
lépjen;1
fényesek;1
elűzésére;1
értünk;1
szükségeltetik;1
fölfedezésére;1
jelenték;1
szabadabban;1
életem;1
kocsisától;1
kellemesen;1
megajándékozott;1
könnyedén;1
nehogy;1
imádott;1
jóakarat;1
fenyegetéseim;1
holott;1
ágnesed;1
mulatságosnak;1
magára;1
terms;1
kivánatom;1
anyát;1
uram…;1
gyöngédségeit;1
kitűzött;1
utasitásai;1
egyhanguság;1
tán;1
szenvedélyt;1
nevetgéltek;1
sajátságai;1
tegyünk;1
tartva;1
elhatároztam;1
felfedez;1
fölsegítsem;1
mozdulataiban;1
körülötte;1
bámulatra;1
kimért;1
utai;1
barátok;1
kárörömet;1
gondolatimban;1
barátot;1
utam;1
érdekelve;1
idéz;1
utak;1
okozni;1
lépést;1
egyek;1
szerencsétlenségem;1
beszélgessünk;1
maraszt;1
térek;1
felkelt;1
czimezve;1
szenvedélye;1
ifjukori;1
darvai;1
copy;1
tüzpillantásai;1
vizsgálgatta;1
mutatá;1
tájbeszédét;1
előtűnt;1
narancsberkei;1
kiragadtam;1
mesterségből;1
kezecskéit;1
árán;1
ellenmondásokból;1
fukar;1
életet;1
tudék;1
sebesen;1
date;1
említenem;1
lángszemei;1
érdekelné;1
szendeség…;1
készitsek;1
gőzössel;1
zenéje;1
feszítve;1
kitünőleg;1
pókjait;1
válaszfalat;1
birtad;1
ürülőfélben;1
legszeretetreméltóbb;1
hóval;1
árkádiai;1
poharacskával;1
álmodni;1
könyvvel;1
teréznek;1
utitárs;1
hagynom;1
rémülten;1
elmélet;1
valljon;1
ismerőskint;1
magunkat;1
sejtetni;1
arczot;1
szivemből;1
éjjeli;1
arczom;1
arczok;1
róla;1
csókjaimmal;1
menekedni;1
megismerni;1
arczod;1
iszonyú;1
melettünk;1
megleend;1
elválás;1
összehozott;1
végett;1
kérdésben;1
bírjak;1
maradtam;1
mutatva;1
maradtak;1
méltatlan;1
szabályok;1
gyógyulás;1
férjtől;1
bucsúlátogatásom;1
nevetéstől;1
meglátogatom;1
szemeibe;1
unalmasabb;1
nélkülözi;1
szétágazók;1
utrakeljen;1
barátra;1
cost;1
ugrik;1
emil;1
will;1
fecsegéssel;1
harapdálom;1
igézetszerü;1
vizsgálga;1
vérnek;1
hozzászoktattak;1
szorított;1
késém;1
czimboráimat;1
esztendeje;1
ruganyos;1
érteni;1
enyhévé;1
azokon;1
világos;1
oldalról;1
megtisztelés;1
menny;1
folytattam;1
jobbat;1
keserűségnek;1
körülöttünk;1
hallgatás;1
ugyvan;1
kötém;1
sétányoknak;1
vágytunk;1
gyöngédséggel;1
hete;1
whatsoever;1
vevén;1
hittelek;1
ellebbenő;1
várok;1
beszédemre;1
vevék;1
boldogságomban;1
gyönyörtől;1
tűrhetlen;1
szólítnak;1
kényszeritéseim;1
megható;1
sohaj;1
menni;1
rendelé;1
fakadék;1
kisérete;1
csendesednék;1
erőbe;1
leányoknál;1
éjnek;1
meglepő;1
nehézzé;1
érzelgést;1
egyezik;1
kétségbeesve;1
meginditá;1
könyes;1
egyedüli;1
könyet;1
nőkről;1
éveiben;1
mormogó;1
érzések;1
futkároztam;1
antalhoz;1
bizalmas;1
szünni;1
legelragadóbban;1
ajkai;1
ajkak;1
utitársaimnak;1
atya…;1
kérdő;1
távozék;1
somlyai;1
csókjaival;1
lelki;1
követhetém;1
halmon;1
halál;1
mindegyike;1
tündérvilágban;1
árnyképek;1
boszut;1
mulattat;1
vétetlenül;1
„folyékony;1
távozásra;1
társalgó;1
tekintetet;1
huszonnégy;1
megzavarni…;1
tekintetek;1
vonta;1
állapotot;1
gyült;1
zavarttá;1
azokra;1
kéziratot;1
barátsággal;1
vágyaimnak;1
utitársaimra;1
kifolyása;1
elkényeztetett;1
vácziutczától;1
ittmulatásom;1
tapintat;1
étket;1
közepett;1
sétáinkat;1
mialatt;1
ragadtatom;1
teljesíti;1
végzet;1
bókot;1
hagyjon;1
pillantásaimnak;1
tavaszának;1
értett;1
susogák;1
fulánkjával;1
önzés;1
haraptam;1
szivvel;1
lelheténk;1
mindenem;1
eszméinek;1
pillanatokra;1
ülni;1
láthatnám;1
kivánd;1
beszélne;1
panaszos;1
menyben;1
keletkezett;1
erejét;1
ilyenkor;1
mentt;1
szabaditgatók;1
elmerengni;1
ismeretes;1
felpattan;1
szolgálatért;1
maradj;1
megkinálás;1
megmaradnának;1
életpályáján;1
ismeretei;1
élveztük;1
mozdulata;1
elfogultságomat;1
kifejezést;1
beszélve;1
járkáltam;1
szenved;1
aggódott;1
per;1
kifejezés;1
annyival;1
maradt;1
hegykanyarulat;1
szerelemféltőnél;1
láz;1
segíteni;1
szépnek;1
szolgálhatnak;1
tájkiejtés;1
eszesnek;1
birta;1
hallgat;1
ünnepélyes;1
segéd;1
óvatossági;1
kerűltem;1
utra;1
legkevesebb;1
kétely;1
élünk;1
kérni;1
boldogsághoz;1
házukból;1
ellebbent;1
sírban;1
szivárványát…;1
vígadni;1
jogosan;1
dúltak;1
hogysem;1
hajoltam;1
kincs;1
szórakozásokra;1
csattanása;1
beszélte;1
másodikat;1
híták;1
kisért;1
simulának;1
szerénytelenség;1
hallott;1
ábrándozni;1
tapintatteljes;1
temetem;1
csalatkoztam;1
menedéket;1
történetesen;1
imádlak;1
meggyilkoltatott;1
fordulva;1
visszatérek;1
elutazom;1
kétségbeejtőknek;1
vihart;1
gondoskodtam;1
felejteni;1
beszélyt;1
almost;1
nyakára;1
kérte;1
vezetni;1
birni;1
intéseit;1
köztem;1
éltes;1
bízton;1
muló;1
szebbek;1
tehettünk;1
kifejezésre;1
foglalkozik;1
kényszeritsem;1
martaléka;1
hatalmat;1
leolvasá;1
fájdalmainak;1
utazott;1
kezeit;1
birok;1
miatt;1
tapintatlan;1
jellemek;1
kezeim;1
felszólitsam;1
october;1
utaztál;1
koszoruzott;1
közelben;1
fannit;1
egykedvüleg;1
czéllal;1
esetekben;1
embereknek;1
társaságnak;1
köszöntésen;1
étvágyunknak;1
hallgatnám;1
belépőket;1
vampir;1
vezető;1
rendbeli;1
kalandot;1
mielőbb;1
borravaló;1
csengése;1
kocsizörgés;1
kellemessé;1
fogadtuk;1
unatkozhatik;1
kinálkozó;1
tied;1
schubert;1
feleletekben;1
felmentsek;1
átalánosan;1
kalandok;1
megtudjam;1
üvegbörtöneikből;1
göröngyök;1
tündéri;1
rendelt;1
vonzó;1
kapuján;1
multam;1
hidegülni;1
fordulni;1
diplomámra;1
keriteni;1
buzgóbban;1
kilátásai;1
fáradságot;1
esemény;1
bátorítót;1
viszonszerelméről;1
lég;1
tulajdonok;1
légalak;1
eddigiek;1
pénzünket“;1
viseletem;1
változtatnak;1
rendezé;1
kérdeni;1
érzetével;1
durrogásaik;1
helyzetem;1
bizonyitsa;1
istenadta;1
okosság;1
tevének;1
túl;1
képzeljék;1
dalát;1
tekintetre;1
tűnt;1
vétkeznem;1
boldognak;1
bérczet;1
szenvedélyek;1
városrész;1
önkivülettel;1
utazhatik;1
szenvedélyes;1
mozdulatot;1
átalakulásával;1
erdőbe;1
elnevezé;1
imádottammal;1
por;1
izlésem;1
elmondaná;1
maradjak;1
vonzalommal;1
láng;1
énekelnem;1
izlésed;1
reggelig;1
láthatja;1
amerikába;1
karját;1
hullámzó;1
gyönyörei;1
tehetnénk;1
szenvedhetett;1
éves;1
osztályrészeműl;1
tüz;1
gyanitani;1
hallhattam;1
egészségben;1
sértő;1
kérdését;1
elhatárzá;1
esküjét;1
utazó;1
alakjában;1
mindnyájan;1
gyorsabban;1
melegebben;1
tartván;1
vallomás;1
szerencsétlent;1
igéretemet;1
igézőn;1
zárva;1
kábitó…;1
közötti;1
megszoritván;1
tevők;1
nagysádnak;1
maradánk;1
belsejében;1
hitét;1
adjam;1
február;1
sohajtoztam;1
jótállok;1
érdemesnek;1
eseménynyel;1
tapintatot;1
hangján;1
annyiszor;1
kerekeire;1
megpillanthassam;1
szétvetett;1
mernék;1
kibontakozott;1
teljességgel;1
helyzetemben;1
palaczkokkal;1
anyától;1
megingatni;1
bevégezni;1
„fürdő;1
nevetkőzött;1
zordon;1
meggátlására;1
világosan;1
sikerűlne;1
kedveseiknek;1
szivélyes;1
bizonyitványaid;1
elmondani;1
tölteni;1
szivnek;1
reggelen;1
alhatik;1
megigértem;1
kötelességeiről;1
mondod;1
láthatni;1
békát;1
számitás;1
törte;1
intézkedéseim;1
kiséré;1
hálának;1
bizonyitványait;1
háztársak;1
ölelgetésnek;1
elfogadásomra;1
örömestebb;1
légben;1
folytathatjuk;1
lánglelkü;1
megtagadja;1
eleinte;1
tűnjenek;1
fesztelen;1
eljárás;1
szokta;1
ugyanazok;1
beszélek;1
laws;1
halmozám;1
találgatják;1
barátokká;1
csárdásra;1
valósulnak;1
sugarai;1
lásd;1
vezet;1
férjnek;1
többi;1
mariet;1
ajkok;1
mosolyán;1
indóhelyére;1
másokkal;1
igyekszem;1
kielégitésére;1
sóbálvánnyá;1
kelthete;1
kinálásainak;1
eredménytelenségét;1
porfellegben;1
férjeink;1
szükségeltetett;1
luizhoz;1
reményt;1
kötelességnek;1
felkeresni;1
kifogyhatlan;1
sovárgott;1
egyszerűen;1
bámulás;1
veszek;1
túlszigoráról;1
fogékonysággal;1
idézte;1
csak…;1
távoznom;1
szerelmesnek;1
gyötörtetni;1
mindegyikének;1
több…;1
vásárhelyről;1
lovaimra;1
vagyunk;1
távozás;1
okozója;1
sürübben;1
hűn;1
before;1
tartóztathata;1
zavartak;1
templomba;1
csitt;1
felindulást;1
akarjuk;1
elhaló;1
úrral;1
lennünk;1
hozománya;1
iratot;1
meggyalázza;1
lön;1
székéről;1
bizalmatlanságnál;1
hátra;1
töltöttük;1
emlékeiből;1
halandók;1
elvesztette;1
szenvedélyre;1
sietős;1
tulajdonosnője;1
elhaladva;1
utban;1
tisztelettel;1
tény;1
mindezt;1
ismeretlennőnek;1
mostis;1
vágyat;1
fontolva;1
érezhetünk;1
„hűségtelenséget;1
fölébredt;1
veszélyek;1
mennem;1
hüledező;1
délutáni;1
utczai;1
eszközlének;1
veszélyes;1
mondva;1
beszélendő;1
nevetségessé;1
keressem;1
pillantásom;1
vetélytársát;1
elámithatni;1
olvasóim;1
vonni;1
hangomon;1
megpillanták;1
emlékeinkre;1
eszközölni;1
töltött;1
melybe;1
értelmét;1
tennem;1
hacsak;1
hagya;1
rostélyoson;1
környékén;1
szerelemmel;1
hazatértem;1
elviselni;1
tölgyet;1
változással;1
kénytelen;1
sovány;1
sziveskednék;1
határhoz;1
hozzászoktam;1
gondolék;1
szitok;1
viktorom…;1
abba;1
hölgyeket;1
kongott;1
emlékekre;1
kifejté;1
fiam…;1
meredeke;1
mulaszták;1
szoritja…;1
panaszkodni;1
nevetésemet;1
vörös;1
marad;1
befolyása;1
férjem…;1
ápolás;1
cselekedném;1
lovacskával;1
kocsinkba;1
sirént;1
eszközlője;1
rátenni;1
elbeszélvén;1
elismerem;1
kibékitni;1
lakása;1
megőrültem;1
reményeid;1
sötétté;1
fenyegető;1
közelebbi;1
tartozik;1
reményeim;1
elnevezék;1
dússá;1
kimondhatlan;1
ördögöm;1
legott;1
kocsisaink;1
utánozhatlan;1
üznének;1
boldogságomat;1
megnyilik;1
megértetésére;1
külföldre;1
készséggel;1
robajjal;1
terült;1
uticzéljaiknak;1
szünetlenül;1
rablótanya;1
megint;1
birván;1
fenyegetve;1
lefegyvereztetni;1
titkolózni;1
gyöngék;1
társnőit;1
érintésében;1
jólesik;1
okok;1
méltatna;1
lássuk;1
tarkázva;1
irni;1
nőmet…;1
olynemü;1
tartozom;1
kalandvágyat;1
ismerkedtem;1
elhalad;1
pásztortüzei…;1
verseket;1
arczképét;1
földi;1
megrabolva;1
felelettel;1
századánál;1
látogatásait;1
gyöngén;1
megy;1
meglepetéstől;1
enmagának;1
gyáván;1
hamisságát;1
hanyagolja;1
játék;1
betegség;1
féltett;1
megérintve;1
tartozó;1
látja;1
görcsös;1
bele;1
szinhelyre;1
hallok;1
orvosi;1
hallom;1
nézetem;1
rágalomnak;1
bajai;1
örvendeni;1
hangomról;1
hagytam;1
elbeszélhetni;1
játszótársával;1
épület;1
módjában;1
ügyvédre;1
hibásnak;1
becsületét;1
szerencsétlenhaszonbérlőnél;1
tűrhetlenül;1
hallhatólag;1
hozhatná;1
gyáva;1
kirívó;1
izgatottá;1
sorozatba;1
virágokkal;1
odahagyni;1
elélhetnek;1
felejtkeztek;1
helveczia;1
igéző;1
mosolyaim;1
vállalni;1
látogató;1
rokonszenvemet;1
üdvösségének;1
türelmetlenkedjék;1
betevé;1
savanyúvíz;1
kaczaj;1
kihallgatott;1
nyitá;1
viseleteért;1
gyász;1
kétkedhetik;1
divat;1
kocsisom;1
varázsa;1
bánik;1
megragadá;1
véghezvitelére;1
bámuló;1
végzők;1
hallgasd;1
marienak;1
bírtam;1
naplójából;1
gyermekéről;1
aláirt;1
csinos;1
füreden;1
érezni;1
türelmetlenséget;1
tréfásan;1
bűbájos;1
eltávozánk;1
börtönbe;1
képzelék;1
erény;1
félreeső;1
látok;1
szaporán;1
aggályom;1
milyen;1
szemünk;1
sugarára;1
játékba;1
lesujtó;1
ment;1
jelenlévőktől;1
ügyekben;1
fejtve;1
gyanusítgatásnál;1
servitatér;1
folytatá;1
keresztülmegyek;1
ismer;1
felötlött;1
határozottság;1
bérczeken;1
teheti;1
látta;1
induló;1
sehogysem;1
szegzé;1
kétség;1
függönyei;1
körülményt;1
írok;1
kézdi;1
szakállal;1
báját;1
tökélyes;1
kitünt;1
megmérgezzem;1
kötelezve;1
lejtett;1
izletes;1
szárnyai;1
édesebb;1
társaságot;1
látná;1
megtörténhessék;1
írni;1
hajlandó;1
feléjök;1
fájdalommal;1
bábjaira;1
tökéletesebb;1
sötétebb;1
tárt;1
hatalommal;1
bizonyitá;1
kimélettel;1
találjón;1
kezdő;1
haramia;1
természetellenes;1
akaratjok;1
védenczekkel;1
méltólag;1
keblemnek;1
házból;1
markó;1
homályos;1
becsülete;1
sejtelmeim;1
valakiért;1
megsemmisitő;1
online;1
keblünkre;1
kalandban;1
történetnek;1
ölni;1
váratlan;1
valának…;1
útvonalt;1
igazsága;1
mondják;1
elmés;1
távozó;1
legkisebb;1
pezsgőzési;1
fölkért;1
óráig;1
dúl;1
arczának;1
kedvező;1
szobában;1
kevéssé;1
erőmet;1
hízelgéssel;1
fölöslegesnek;1
európa;1
szánalmat;1
barátjától;1
tisztába;1
lakhelyem;1
szemébe…;1
félj;1
rejlett;1
pillantása;1
szűkölködik;1
hová;1
pusztaságot;1
beszéltem;1
beszéltek;1
eltitkolhassam;1
hamisan;1
helyén;1
elégséges;1
öszpontositva;1
önkéntelenül;1
tiédet;1
megpillantá;1
rózsájával“;1
köpenyeges;1
eltelt;1
visszatérne;1
szószólójául;1
dolgokkal;1
menteni;1
birna;1
versenyeznek;1
körüli;1
hatás;1
felénk;1
ujságokat;1
reggel;1
kiadja;1
kárhoztatható;1
marasztás;1
türelmetlenségi;1
ügyvédet;1
leküzdeni…;1
képtől;1
jótékonyságát;1
adataid;1
termete;1
táplálja;1
fedezett;1
szívdús;1
asztalunkat;1
tarthat;1
karjaiból;1
szenvedélyesebben;1
vezetem;1
alszom;1
oldaláról;1
kérdém;1
„riká“;1
hiszed;1
bajon;1
járkálni;1
olvasónőim;1
köpeny;1
fagy;1
leküzdenie;1
elrémitett;1
föltárult;1
kiváncsian;1
bámultunk;1
derekát;1
ragadtatott;1
királyi;1
pesten;1
férfinak;1
távolság;1
nógatásait;1
rendszerezni;1
számitottam;1
betemetém;1
játszótársam;1
megbocsáthatsz;1
lépteit;1
döczögős;1
megmászására;1
szünnék;1
kellemei;1
vallomásnak…;1
önzését;1
lelkemben;1
gyanító;1
engedek;1
vérfagylaló;1
részletekig;1
városi;1
számbavételére;1
elcsábitá;1
sétányi;1
utóbbi;1
fenyegetésekkel;1
képével;1
hevességétől;1
ülésemet;1
tölthetni;1
visszahatásnál;1
hibás;1
fegyvereket;1
czélra;1
összerakva;1
valahol;1
kisérlettel;1
használtunk;1
ábrándokba;1
fecsegési;1
ismétlém;1
zavarba;1
anyone;1
fiatalsági;1
engeded;1
kebelében;1
parthoz;1
jellemére;1
nevetségeseknek;1
kocsijában;1
férjénél;1
melyhez;1
szólna;1
kocsmájának;1
hivatalnok;1
jókor;1
ülésembe;1
úrhoz;1
vonzalmát;1
nőmmé;1
pillantásokra;1
szinezettel;1
töredezett;1
ennyi;1
gyermeken;1
állomás;1
marieval;1
gyermekek;1
köténk;1
régen;1
ügyében;1
tetszeni;1
háborítlanul;1
fogalmat;1
különösen;1
külsőmért;1
röpitem;1
alvajáró;1
mentegetőzéseket;1
lépteink;1
from;1
megkétszeresülnek;1
kiejték;1
különösek;1
kiejtém;1
fölkeresé;1
kilétét;1
cserébe;1
falu;1
keblében;1
nejével;1
szerénytelenségen;1
gyermekemhez;1
madárdal;1
engedik;1
kocsiban;1
ellenvetésem;1
meghagyám;1
gondolathoz;1
jele;1
érdek;1
pinczérnek;1
fakó;1
ránézve;1
rajongják;1
irtózatos;1
szoktak;1
barátom…;1
sükernélküliek;1
tárgyait;1
nélkülözhetlen;1
látott…;1
vetélytársa;1
felhagytam;1
teremtés;1
ketten;1
vonzalmára;1
szokatlan;1
elleshettem;1
találják;1
dühvel;1
kincseit;1
elérni;1
szólhatok;1
illusióink;1
elcsábitani;1
ismeretlennőm…;1
ráperegni;1
tragikomikus;1
szeretetreméltóvá;1
malheur;1
bábjátékokra;1
élvezetének;1
lelkiállapotnak;1
diadalomat;1
erdővidéken;1
gyermekére;1
eszközt;1
engedne;1
ezerszer;1
tiszteletreméltóbb;1
megmutatá;1
hajnallik;1
illusióinktól;1
fejezzem;1
zavarhatja;1
fontosabb;1
hátrabukott;1
szeszélyeinek;1
megjegyzés;1
kocsmákat;1
fáradt;1
tudakoztam;1
gyanitnunk;1
találkozhatik;1
tudakoztak;1
rákos;1
nyugodtak;1
élt;1
nyugodtan;1
ajkaimhoz;1
hiszemben;1
ismeretségbe;1
érdemessé;1
fölfedém;1
megérkezésünk;1
kényelmességétől;1
elragadóvá;1
czélommal;1
ragad;1
mehet;1
gondolkodni;1
pénz…;1
rikának;1
családja;1
fiatalkor;1
keményedésnek;1
gátul;1
élénkség;1
űzi;1
angyallá;1
fölemelt;1
röviddé;1
igérék;1
értette;1
heves;1
fiataloknak;1
maradnunk;1
kalandocskának;1
nyujtva;1
védőjökkel;1
foglalt;1
merengett;1
mellényü;1
angyalok;1
köszönté;1
unalom;1
arczu;1
nyugalmat;1
eseménynél;1
visszavettem;1
nyugalmam;1
mindenestől;1
nyugalmas;1
zug;1
helyrehozni;1
czigánybanda;1
kétségkivül;1
meggyőződém;1
patvarban;1
kivánata;1
majdnem;1
engedi;1
aludni;1
ada;1
fürtei;1
add;1
ballagánk;1
igényeket;1
rendelék;1
megemlitenem;1
és…;1
labdázó;1
eltünése;1
gyakrabban;1
röviden;1
titoknak;1
táplálékony;1
rövidek;1
napsugarak;1
rákoson;1
értekezni;1
nyilvessző;1
utitáskák;1
száll;1
fővárosi;1
tehetném;1
gondolkozám;1
gyermekével;1
irá;1
kielégitő;1
izgatottságot;1
óráimnak;1
utazni;1
kellemetlenné;1
mindennél;1
termünk;1
iró;1
úti;1
felötlőbb;1
kanyarulata;1
esküt;1
elmaradni;1
azelőttin;1
megérthessük;1
jellemzik;1
hasztalanok;1
megtorlani;1
érzetében;1
kötelezettségei;1
elfoglalának;1
zömök;1
ártatlansága;1
találtatok;1
hazug;1
társalgás;1
sétáltunk;1
nőmmel;1
arczkifejezésétől;1
ilyszerű;1
végettem;1
elragadók;1
rendeltem;1
üdvözítőt…;1
mennyire;1
élczet;1
földre;1
elragadót;1
tapintatnak;1
feketék;1
parancsát;1
vállára;1
bevallani;1
panoráma;1
kimélni;1
ezüstcsengés;1
következtében;1
other;1
generously;1
értelme;1
szenvedélyével;1
merengéséből;1
kezeket;1
köszöntöttem;1
viszonyban;1
átalakulásnak;1
fáradságába;1
oly…;1
évi;1
faluban;1
vidorságát;1
jogai;1
ajk;1
alkalmunk;1
fürdőt;1
ártatlan;1
találták;1
rákerül;1
mindkettőről;1
megveretésre;1
betegnek;1
iker;1
elpirulna;1
fölvegyen;1
elindult;1
agyán;1
vegyül;1
gyöngeség;1
angyal;1
örökké;1
mondjam;1
endrével;1
őrzöm;1
mondjak;1
szívből;1
tartson;1
elmondá;1
sétányon;1
föltalálását;1
ahogy;1
elmondék;1
aljasságot;1
anyja;1
égen;1
fölötte;1
őszintesége;1
ellátás;1
mosolyt;1
önmegtagadás;1
remegett;1
hazatérék;1
elragadtatással;1
szándékait;1
„asszonyom;1
öntenék;1
légszerüek;1
jöhetne;1
térdreomolva;1
mosolya;1
nézhetek;1
viseltetik;1
kocsink;1
forditá;1
hagyná;1
ördögből;1
velünk;1
pohár;1
zörgésre;1
sétáit;1
érzelmét;1
világbani;1
fölött…;1
történtek;1
megrendülése;1
mámora;1
halmozzam;1
lángra;1
köszönheték;1
meggyőznie;1
pillantás;1
anywhere;1
hordozhatom;1
követelő;1
ügyvédé;1
using;1
bejáratában;1
megnyilt;1
képtelennek;1
eredt;1
rejtegetni;1
virasszuk;1
sziveitek;1
megbélyegezni;1
másodszori;1
eddig;1
sugár;1
elrejtéd;1
megtelepíteni;1
feltárúlt;1
mutatkozik;1
mikor;1
szerelmesebben;1
figyelemmel;1
habozni;1
gyöngeségem;1
mutatott;1
nagysád“;1
kezdetét;1
gyakorlatban;1
költött;1
viseljem;1
gyöngeségei;1
jövő;1
gyöngeségek;1
visszatér;1
atya;1
fürkéssze;1
iránta;1
szüleménye;1
where;1
kifejezéseket;1
igéretére;1
rábeszélés;1
akarunk;1
meghiusulnának;1
szerénységgel;1
meggyőzött;1
szólani;1
rettegtem;1
utikamrája;1
történetemre;1
hasított;1
pillantám;1
gonddal;1
korába;1
tévesztendi;1
elhagyhatom;1
asszonyom…;1
védelmembe;1
zongoráját;1
sohajait;1
mindkettőt;1
fáj;1
nézz;1
nézd;1
beszéltünk;1
barát;1
jer;1
fát;1
kíméletes;1
szóért;1
himzett;1
lovagiasság;1
mentsen;1
elmondhatám;1
cselekedni;1
mosolyától;1
szivemen;1
nyugton;1
kigúnyolt;1
megbocsátnám;1
könyörgött;1
férfiasan;1
jóság;1
kétségenkivül;1
egy…;1
körünkbe;1
ebédelék;1
kinyilt;1
szónál;1
csalódtam…;1
versenytársaink;1
tovaillant;1
sejtelemtől;1
vezettek;1
fogadást;1
ürült;1
vonzatám;1
elintézése;1
ablakok;1
beleegyezett;1
visszatértem;1
sohajért;1
mond;1
fölmerülő;1
tökéletes;1
szivélyesen;1
jutván;1
felhőcskét;1
hegylánczolatok;1
nagyvárosi;1
megelőztem;1
testvér;1
megfogamzik;1
pengő;1
kedvvel;1
gyöngédség;1
szeretted;1
fürteit;1
egyéniség;1
szerettem;1
módot;1
legmélyebb;1
hivém;1
helyzet;1
nyilvánitá;1
törvényszolgák;1
fölszáritá;1
pírja;1
álmainál;1
vendég;1
tavalyi;1
images;1
nélkülözés;1
bizonyitványát;1
kérdéseimre;1
boszankodom;1
szórakozást;1
tudassa;1
áldani;1
megfogám;1
módon;1
balvégzeten;1
megfulva;1
pisztollyal;1
csalódás;1
szólita;1
teljesitni;1
levénk;1
keringőt;1
boszankodni;1
mindennapi;1
félisten;1
szépségei;1
csendes;1
utunk;1
porlepte;1
híreknél;1
végezni;1
rokonlélekre;1
eredetije…;1
átlátá;1
végy;1
réteken;1
határozottan;1
borzadok;1
bort;1
bevallom;1
utczára;1
kedélyesnek;1
piros;1
megragadók;1
reménységet;1
lehangoló;1
kettőjök;1
megragadót;1
magokban;1
leánykáknál;1
vidékei;1
étlapok;1
pillanték;1
visszautasittatása;1
megszökteté;1
fejemet;1
visszaakarék;1
fánál;1
mindez;1
alszanak;1
letelepedénk;1
naponkint;1
távozhatik;1
gúnyosan;1
unalmasoknak;1
öltözködött;1
irigyelni;1
meghajtja;1
hazarohantam;1
csóksovárokká;1
átkoztam;1
kereskedő;1
legkellemesebbek;1
megtörténhetett;1
ügyvédi;1
tudatnia;1
boldogitóbb;1
időm;1
ösztönszerüleg;1
hiuságom;1
nagyságos;1
gyalogolni;1
ám;1
állandok;1
lányt;1
közelében;1
közlékenyebbek;1
lánya;1
szólitá;1
nagyságod;1
akaratlanul;1
elővigyázat;1
belsőnkből;1
gyanuja;1
kocsmában;1
jóvátenni;1
áthatók;1
kelléke;1
meggyőződjem;1
veszélyesek;1
alföldön;1
letelepedési;1
összeszoknak;1
bizonyságot;1
viszhat;1
elaludt;1
nyugodjanak;1
gondunk;1
kiragadom;1
lehetlenségéről;1
elszóródást;1
viruló;1
keserüen;1
illem;1
barátommá;1
mentse;1
tüzhelyem;1
előpatakot;1
pihenni;1
illeti;1
siessen;1
fogadók;1
étvágyát;1
önbe;1
siessek;1
gondosabb;1
szomszédját;1
számukra;1
bizonyosságig;1
legprózaiabb;1
röptekre;1
elrejté;1
hajlók;1
tájékon;1
elragadtatás;1
kikaczagott;1
előnyökkel;1
örvényéből;1
vasárnaponkint;1
kereskedősegéd;1
elhallgatni;1
erősité;1
lekötelez…;1
lankadásig;1
érthetőbben;1
honnét;1
erélyesen;1
változtatni;1
ékeskedni;1
feláztatá;1
unottá;1
sovár;1
elveszi;1
ficzkót;1
luiz;1
kimondom;1
árasztottam;1
mennyországa;1
vidorrá;1
set;1
mondtam;1
elhalmozá;1
mondtak;1
fenyegetőzve;1
szórakozni;1
éljenek;1
könyvére;1
visz;1
fészkelődni;1
rohantam;1
emlékeztetett;1
kinokat;1
elszórjam;1
rohantak;1
visszatérjek;1
elkerülte;1
hidegség;1
elfogadom;1
enyészet;1
udvariasságokat;1
vért;1
leszálltam;1
fölött;1
ringatja;1
szenvelgés;1
boldogtalanúl;1
kinzó;1
keresett;1
ép;1
elfogadni;1
ér;1
temetkezünk;1
férfiakat;1
könyvnyomdája;1
állított;1
felleg;1
képzelődés;1
tulsó;1
tőr;1
parts;1
titkaiknak;1
teheték;1
modorában;1
tehetém;1
összekötő;1
körülrajongva;1
adonisnak;1
varázshatalom;1
vesztett;1
viszonyba;1
alakoskodást;1
zárját;1
fegyverét;1
akarat;1
embere;1
nekünk;1
sir;1
szerelmünket;1
vehessük;1
eszélytelen;1
joga;1
látható;1
következik;1
étterembe;1
idegenek;1
szerencse;1
csevegni;1
tudának;1
megszegve;1
szemüvegét;1
bűn;1
mindenről;1
prózát;1
gépiesen;1
atyjához;1
bevégeznem;1
fakadjak;1
biz;1
tolakodó;1
elfeledni;1
véve;1
vérző;1
olyat;1
vágytól;1
semmiféle;1
kölcsönze;1
meghalhat;1
helytelen;1
keserű;1
nyomban;1
kerűljön;1
indulnak;1
érintkezett;1
csep;1
késedelmezhetem;1
utógondolat;1
mentünk;1
könnyiteni;1
részegitőt;1
sejtém;1
léteznék;1
szivélyesnek;1
amaz;1
meglehetős;1
önkénytesen;1
world;1
lennék;1
mohón;1
arczomért;1
félfekvő;1
fájdalmaimat;1
szerencseért;1
társalogni;1
akadályozni;1
kivánatát;1
bármennyire;1
mentheti;1
nevetésre;1
kétséget;1
karöltve;1
hidd;1
kétségem;1
megindulással;1
szem;1
követelni;1
valánk;1
kocsisommal;1
figyelembe;1
gyermekkel;1
várakozó;1
érintésre;1
lánykát;1
tudok;1
rongyos;1
tenné;1
válaszról;1
mérsékelje;1
paradicsomom;1
pontra;1
gyülölöm;1
távollét;1
porfelleg;1
kötelességeim;1
história;1
ujból;1
szavaiban;1
vinni;1
restrictions;1
szegzett;1
szemrehányásaival;1
gyötrelmes;1
csata;1
órák;1
urához;1
álmodám;1
csin;1
ecsetére;1
nagysága“;1
elhatározni;1
sohajban;1
kétségig;1
összehoz;1
megértettem;1
bor;1
igaztalanságtól;1
való;1
öreg…;1
beszéljen;1
gyorskocsin;1
feláldozni;1
bágyadtság;1
unalmassá;1
kínzó;1
óh;1
ülhetek;1
mutaték;1
éhen;1
családdal;1
személy;1
boszant;1
kérnem…;1
kerűlni;1
szórakozásra;1
sajnáltam;1
emelkedik;1
„ha;1
előzmények;1
megborzadtam;1
fűszál;1
öltözetemet;1
élénken;1
leszünk;1
tájékozhatni;1
vérig;1
gyermetegnek;1
mutatkozott;1
porrá;1
ragadtassék;1
brr;1
helyzetemet;1
különbség;1
fogadás;1
lelkesedésre;1
tanuságot;1
vigasztalja;1
fogadám;1
képzelődő;1
bármit;1
féltékenység;1
ismerte;1
őrülnöm;1
hebegém;1
barátságnak;1
viszonzá;1
mellyek;1
kezéből;1
hidegnek;1
kirakatot;1
zokogott;1
nyertem;1
szeretém;1
szereték;1
tájékozásul;1
kérve;1
testtartás;1
eltölteni;1
sohse;1
azóta;1
tartani;1
megérdemel;1
teend;1
angyallal;1
legélénkebb;1
mikkel;1
szemközt;1
kivánjon;1
gát;1
könyvébe;1
jelenünk;1
fájdalmait;1
vizsgálgata;1
bizonyosság;1
követeléseinek;1
elmesélnem;1
hemzsegett;1
udvarlóknál;1
erős;1
önkényének;1
bámulattól;1
lelkére;1
távozva;1
available;1
túlszigoru;1
ki…;1
ajkimat;1
asztalunkhoz;1
könyekkel;1
beléptünk;1
képzeletem;1
hóditásomnak;1
változékonyság;1
nyujta;1
hizásnak;1
képzeletet;1
kinos;1
összejövetelekre;1
szánva;1
illusióid;1
meghalt;1
elmondák;1
új;1
nyelvkülönbség;1
változásnak;1
haszonbérlő;1
végcsapás;1
tájék;1
virág;1
emelé;1
út;1
túlszigora;1
fosztáskor;1
gonosz;1
hálójába;1
voltál;1
emelt;1
gazdagabb;1
hallgattam;1
szenvedtem;1
kin;1
ölteni;1
panorámát;1
érkezetteket;1
szétűzze;1
aprilis;1
kérdőleg;1
lebeszélje;1
órákat;1
tollas;1
aggály;1
ül;1
tudj;1
megkisebbedik;1
zsibbasztó;1
balul;1
vetvén;1
illő;1
vallomásait;1
váltók;1
senkit;1
nyomára;1
lelkeinket;1
emlékkel;1
mindegyikén;1
eltalálták;1
kukoricza;1
idegennek;1
ijedt;1
misem;1
birtokában;1
ütközzék;1
viszonyokat;1
egyébiránt;1
egyetlenegyszer;1
felüli;1
bájaiból;1
hasonlitott;1
fedél;1
unalmasnak;1
tudnám;1
emlékezet;1
szelidnek;1
párologtak;1
lélekre;1
sohajoknál;1
keblembe;1
leheték;1
terjedelmesek;1
hiuz;1
vonásig;1
elragadtatásom;1
miben;1
elbeszélés;1
bámulnak;1
elérkezzék;1
szerintem;1
gyult;1
állásban;1
tőled;1
ősz;1
intézve;1
diplomaticus;1
válláról;1
eloszlatására;1
mihamarabb;1
illusióknak;1
szájából;1
öltönyeinek;1
érdekeltek;1
ült;1
fokozni;1
varázsszerü;1
hagy;1
gyula;1
esténkint;1
hajlandók;1
visszariasztó;1
említnem;1
mitől;1
nőttön;1
nőni;1
említett;1
leplezetlen;1
vidorsággal;1
ajakimba;1
siré;1
hordja;1
barátsága;1
legutolsó;1
mulasztá;1
merészekké;1
tartá;1
növeli;1
következő;1
elveit;1
ismerve;1
érkeznek;1
csevegett;1
negyvenezer;1
kebelben;1
érthetné;1
albert;1
kifejezésteljesek;1
okunk;1
öszhangzásnak;1
fedélzeten;1
félelem…;1
vidoran;1
megpillantván;1
kétségeskedni;1
elszánt;1
leg…;1
magamagával;1
visszaadni;1
hozta;1
kézbesiteni;1
barátnőm;1
viszonyt;1
beleegyezzék;1
